DELETE FROM Elidek_program;
DELETE FROM Scientific_field;
DELETE FROM Staff;
DELETE FROM Organization;
DELETE FROM Evaluation;
DELETE FROM Researcher;
DELETE FROM Project;
DELETE FROM Field_of_project;
DELETE FROM Deliverables;
DELETE FROM Evaluates;
DELETE FROM Works_for;
DELETE FROM Telephones;
DELETE FROM Company;
DELETE FROM University;
DELETE FROM Research_Center;


INSERT INTO Elidek_program (`program_name`,`program_address`)
VALUES
  ('Nec Diam Consulting','Ap #537-6598 Quam Rd.'),
  ('Arcu Vestibulum Consulting','570-7560 Magna St.'),
  ('Ullamcorper Nisl Corp.','584-9753 Sem, Street'),
  ('Faucibus Orci Luctus Institute','9505 Donec Av.'),
  ('Nisi Corp.','Ap #721-6624 Lobortis Rd.'),
  ('Imperdiet Non LLC','Ap #881-9245 Donec Av.'),
  ('Sit Corp.','6177 Hendrerit Ave'),
  ('Eu Ultrices Sit Institute','P.O. Box 688, 2247 Nisl. St.'),
  ('Nulla Tincidunt Consulting','298-5427 Nunc. Street'),
  ('Duis Gravida Associates','122-1386 Dolor St.'),
  ('Et Magnis Dis Incorporated','630-7265 Nulla Rd.'),
  ('Arcu Institute','Ap #827-5556 Vel Road'),
  ('Egestas Sed Associates','186-7060 Et Rd.'),
  ('Dapibus Gravida Aliquam Ltd','Ap #185-394 Curabitur Road'),
  ('Amet Consectetuer PC','1599 Lorem, Road'),
  ('Sed Congue Corp.','739-2274 Tortor. Street'),
  ('Nunc Foundation','P.O. Box 379, 2332 Vitae Street'),
  ('Egestas Ligula Limited','486-4241 Ac St.'),
  ('Consectetuer Euismod Est Limited','8280 Montes, Avenue'),
  ('Lectus LLP','5384 Non St.'),
  ('Tincidunt Congue PC','Ap #198-1864 In, St.'),
  ('Elit Corp.','701-4176 Ornare, Av.'),
  ('Risus At Institute','Ap #118-441 Rutrum St.'),
  ('Erat Volutpat Foundation','378-3708 Elit, Street'),
  ('Commodo Tincidunt Nibh Inc.','P.O. Box 897, 630 In Street'),
  ('Lacus Nulla PC','Ap #298-722 Pede. Avenue'),
  ('Metus Facilisis Ltd','Ap #346-1900 Eu, Road'),
  ('Curabitur PC','209-436 Ipsum St.'),
  ('Sit Amet Incorporated','Ap #755-1594 Fringilla Street'),
  ('In Nec Orci Associates','P.O. Box 264, 3777 Non St.'),
  ('Eros Nec Inc.','263-489 Eget Ave'),
  ('Elementum Purus Accumsan Institute','P.O. Box 725, 4250 Augue St.'),
  ('Tristique Corp.','1191 Fusce Street'),
  ('A Nunc Ltd','Ap #345-522 Nullam St.'),
  ('Curabitur Massa Industries','286-9498 Diam St.'),
  ('Suspendisse Non Leo Institute','Ap #526-7389 Proin St.'),
  ('Est Ac Company','717-4678 Vulputate, Ave'),
  ('Faucibus Incorporated','Ap #486-3694 Vitae, Ave'),
  ('Maecenas Malesuada Inc.','Ap #170-1297 Duis Rd.'),
  ('Enim Consequat Associates','Ap #298-7931 Orci Ave'),
  ('Ornare Lectus Corporation','P.O. Box 385, 5882 Mauris. Rd.'),
  ('Interdum Curabitur Dictum PC','430-5234 Eleifend Rd.'),
  ('Nunc Laoreet Corporation','355-846 Neque Street'),
  ('Nec Ante Corporation','P.O. Box 268, 9848 Neque Street'),
  ('Dignissim Tempor Corp.','144-5146 Nulla Ave'),
  ('Et Foundation','971-9295 Proin Road'),
  ('Cursus Et LLC','6339 Porta Avenue'),
  ('Sodales Elit Erat Corporation','3800 Quis Rd.'),
  ('Maecenas Libero PC','Ap #868-5370 Integer St.'),
  ('Conubia Nostra Per Incorporated','P.O. Box 639, 4337 Malesuada Av.');



insert into Scientific_field (field_name) values ('Business Development');
insert into Scientific_field (field_name) values ('Human Resources');
insert into Scientific_field (field_name) values ('Marketing');
insert into Scientific_field (field_name) values ('Training');
insert into Scientific_field (field_name) values ('Engineering');
insert into Scientific_field (field_name) values ('Accounting');
insert into Scientific_field (field_name) values ('Product Management');
insert into Scientific_field (field_name) values ('Support');
insert into Scientific_field (field_name) values ('Legal');
insert into Scientific_field (field_name) values ('Services');
insert into Scientific_field (field_name) values ('Research and Development');
insert into Scientific_field (field_name) values ('Sales');
insert into Scientific_field (field_name) values ('Media and communications');
insert into Scientific_field (field_name) values ('Social and economic geography');
insert into Scientific_field (field_name) values ('Economies and Business');
insert into Scientific_field (field_name) values ('Psychology');
insert into Scientific_field (field_name) values ('Health Sciences');
insert into Scientific_field (field_name) values ('History and Archaeology');
insert into Scientific_field (field_name) values ('Philosophy, Ethics and Religion');
insert into Scientific_field (field_name) values ('Agricultural biotechnology');
insert into Scientific_field (field_name) values ('Agriculture, Forestry, and Fisheries');
insert into Scientific_field (field_name) values ('Medical biotechnology');
insert into Scientific_field (field_name) values ('Basic medicine');
insert into Scientific_field (field_name) values ('Nano-technology');
insert into Scientific_field (field_name) values ('Industrial biotechnology');
insert into Scientific_field (field_name) values ('Environmental engineeriaterials engineering');
insert into Scientific_field (field_name) values ('Chemical engineerinng');
insert into Scientific_field (field_name) values ('Mg');
insert into Scientific_field (field_name) values ('Electrical engineering');
insert into Scientific_field (field_name) values ('Earth and related Environmental sciences');
insert into Scientific_field (field_name) values ('Physical science');
insert into Scientific_field (field_name) values ('Computer and information sciences');


insert into Staff (staff_id, staff_name) values ('433305639', 'Zebulon Lanchbury');
insert into Staff (staff_id, staff_name) values ('596304177', 'Bail Cuerda');
insert into Staff (staff_id, staff_name) values ('001405252', 'Alika Kittoe');
insert into Staff (staff_id, staff_name) values ('483499227', 'Nanice Kelsow');
insert into Staff (staff_id, staff_name) values ('559798851', 'Morten Cow');
insert into Staff (staff_id, staff_name) values ('714693600', 'Morlee Ledbetter');
insert into Staff (staff_id, staff_name) values ('979005833', 'Waverly Longmore');
insert into Staff (staff_id, staff_name) values ('015911775', 'Quill May');
insert into Staff (staff_id, staff_name) values ('634965324', 'Karlie Shapcott');
insert into Staff (staff_id, staff_name) values ('946319863', 'Phylys Lenahan');
insert into Staff (staff_id, staff_name) values ('159226913', 'Sonia Pauel');
insert into Staff (staff_id, staff_name) values ('350468221', 'Devondra Bendon');
insert into Staff (staff_id, staff_name) values ('066390764', 'Cully Manhood');
insert into Staff (staff_id, staff_name) values ('050350016', 'Mei Moppett');
insert into Staff (staff_id, staff_name) values ('240512223', 'Shoshana L''Episcopi');
insert into Staff (staff_id, staff_name) values ('519577252', 'Kaila Melson');
insert into Staff (staff_id, staff_name) values ('983143779', 'Tandi Hehnke');
insert into Staff (staff_id, staff_name) values ('668451306', 'Tammara Charlson');
insert into Staff (staff_id, staff_name) values ('993238168', 'Morissa Yon');
insert into Staff (staff_id, staff_name) values ('700073807', 'Kleon Doughartie');
insert into Staff (staff_id, staff_name) values ('722653437', 'Glennis Treneer');
insert into Staff (staff_id, staff_name) values ('618799800', 'Kati Zanini');
insert into Staff (staff_id, staff_name) values ('553725263', 'Viole Oxer');
insert into Staff (staff_id, staff_name) values ('349987831', 'Halley Crowth');
insert into Staff (staff_id, staff_name) values ('375045016', 'Flora Ifill');
insert into Staff (staff_id, staff_name) values ('785958085', 'Emmalee Emanuel');
insert into Staff (staff_id, staff_name) values ('877380027', 'Carolus Timlin');
insert into Staff (staff_id, staff_name) values ('754302096', 'Pennie Wherrett');
insert into Staff (staff_id, staff_name) values ('720915690', 'Dominick Orwin');
insert into Staff (staff_id, staff_name) values ('266367612', 'Che McCall');
insert into Staff (staff_id, staff_name) values ('314279904', 'Fee Grossman');
insert into Staff (staff_id, staff_name) values ('353521305', 'Clarinda Beaven');
insert into Staff (staff_id, staff_name) values ('262947521', 'Albrecht Phipp');
insert into Staff (staff_id, staff_name) values ('688028709', 'Adriane Allonby');
insert into Staff (staff_id, staff_name) values ('328632444', 'Coralyn Petruk');
insert into Staff (staff_id, staff_name) values ('093861389', 'Honoria Guiraud');
insert into Staff (staff_id, staff_name) values ('579829835', 'Shelley Carvil');
insert into Staff (staff_id, staff_name) values ('229894375', 'Iris Sprulls');
insert into Staff (staff_id, staff_name) values ('628672430', 'Salli Jennery');
insert into Staff (staff_id, staff_name) values ('444584604', 'Chryste Cowin');
insert into Staff (staff_id, staff_name) values ('653840584', 'Freeman Alesi');
insert into Staff (staff_id, staff_name) values ('697921952', 'Jenilee Rubin');
insert into Staff (staff_id, staff_name) values ('809450101', 'Danella Cotgrove');
insert into Staff (staff_id, staff_name) values ('206777246', 'Bat Stroton');
insert into Staff (staff_id, staff_name) values ('469083205', 'Bernadene Eastham');
insert into Staff (staff_id, staff_name) values ('683818199', 'Cherye Hartgill');
insert into Staff (staff_id, staff_name) values ('592004101', 'Homere Bromet');
insert into Staff (staff_id, staff_name) values ('083794681', 'Trumaine Tidder');
insert into Staff (staff_id, staff_name) values ('598635218', 'Mariellen Treske');
insert into Staff (staff_id, staff_name) values ('399871778', 'Holly Feild');

insert into Organization (org_name, org_zip, org_address, org_city, org_abbreviation) values ('Bednar, Anderson and Torp', '16634', '5500 Ruskin Terrace', 'Wuxi', 'OKB');
insert into Organization (org_name, org_zip, org_address, org_city, org_abbreviation) values ('Fadel, Brakus and Rowe', 'R56', '7 Clyde Gallagher Plaza', 'Old Kilcullen', 'OZX');
insert into Organization (org_name, org_zip, org_address, org_city, org_abbreviation) values ('Rolfson, Lemke and Wilderman', '51614', '96600 Harper Point', 'Temuji', 'MJL');
insert into Organization (org_name, org_zip, org_address, org_city, org_abbreviation) values ('Muller, Williamson and Littel', '371 23', '4 Ruskin Avenue', 'Karlskrona', 'NHW');
insert into Organization (org_name, org_zip, org_address, org_city, org_abbreviation) values ('Kertzmann, Funk and Bartoletti', '96745-000', '73634 Miller Avenue', 'Charqueadas', 'VBT');
insert into Organization (org_name, org_zip, org_address, org_city, org_abbreviation) values ('Padberg, Bergstrom and Gaylord', '452696', '87661 Kedzie Trail', 'Neftekamsk', 'ZNL');
insert into Organization (org_name, org_zip, org_address, org_city, org_abbreviation) values ('Waelchi, Anderson and Zboncak', '72728', '3 North Place', 'Nyangao', 'JBL');
insert into Organization (org_name, org_zip, org_address, org_city, org_abbreviation) values ('Rutherford, Leannon and Graham', '11167', '486 Kings Court', 'Qiaozi', 'NNT');
insert into Organization (org_name, org_zip, org_address, org_city, org_abbreviation) values ('Kiehn Group', '56019 CEDEX', '822 Pine View Road', 'Vannes', 'TEH');
insert into Organization (org_name, org_zip, org_address, org_city, org_abbreviation) values ('Klein, Grant and Rosenbaum', '11728', '69 3rd Junction', 'Sovetakan', 'SMJ');
insert into Organization (org_name, org_zip, org_address, org_city, org_abbreviation) values ('Gislason Inc', '747 20', '40308 Old Shore Lane', 'Vřesina', 'DHC');
insert into Organization (org_name, org_zip, org_address, org_city, org_abbreviation) values ('Hilll, Klein and Bartell', '64125', '45435 Butterfield Terrace', 'Kansas City', 'IAB');
insert into Organization (org_name, org_zip, org_address, org_city, org_abbreviation) values ('Schamberger-Torp', '11789', '14591 5th Hill', 'Ravānsar', 'KNL');
insert into Organization (org_name, org_zip, org_address, org_city, org_abbreviation) values ('Marks Inc', '9001', '7 Granby Trail', 'Rada Tilly', 'XQG');
insert into Organization (org_name, org_zip, org_address, org_city, org_abbreviation) values ('Hyatt, Krajcik and Hand', '1626', '45 Maple Terrace', 'Mburukullu', 'LPO');
insert into Organization (org_name, org_zip, org_address, org_city, org_abbreviation) values ('Lebsack Inc', '68335', '87 Lukken Pass', 'Nguluhan', 'IDP');
insert into Organization (org_name, org_zip, org_address, org_city, org_abbreviation) values ('Schuppe-Schaefer', '16782', '7728 Thompson Point', 'Rudong', 'AOS');
insert into Organization (org_name, org_zip, org_address, org_city, org_abbreviation) values ('Nader-Sporer', '4949', '89 Nova Circle', 'Xinjian', 'DFW');
insert into Organization (org_name, org_zip, org_address, org_city, org_abbreviation) values ('Berge-Kilback', '353642', '0040 Dryden Plaza', 'Glafirovka', 'FSN');
insert into Organization (org_name, org_zip, org_address, org_city, org_abbreviation) values ('Larson-Lindgren', '4770-354', '8 Fordem Avenue', 'Mouquim', 'TYN');
insert into Organization (org_name, org_zip, org_address, org_city, org_abbreviation) values ('Sawayn-Lakin', '31803', '860 Westridge Pass', 'Hidalgo', 'HUN');
insert into Organization (org_name, org_zip, org_address, org_city, org_abbreviation) values ('Koepp, Luettgen and Ratke', '16892', '0 Crest Line Place', 'Chironkamba', 'VPI');
insert into Organization (org_name, org_zip, org_address, org_city, org_abbreviation) values ('Monahan Inc', 'CY463', '7 Vernon Center', 'Jatipamor', 'SUE');
insert into Organization (org_name, org_zip, org_address, org_city, org_abbreviation) values ('Gulgowski Group', 'T7385', '69736 Brickson Park Trail', 'Huxiaoqiao', 'DVU');
insert into Organization (org_name, org_zip, org_address, org_city, org_abbreviation) values ('Stehr, Bechtelar and Thompson', 'U6373', '9 Cherokee Court', 'Chimanimani', 'CCD');
insert into Organization (org_name, org_zip, org_address, org_city, org_abbreviation) values ('Deckow Inc', 'U2526', '33 Dottie Terrace', 'Cumanayagua', 'HWZ');
insert into Organization (org_name, org_zip, org_address, org_city, org_abbreviation) values ('Casper, Steuber and Ullrich', 'U63383', '20272 Comanche Center', 'Huaraz', 'RWH');
insert into Organization (org_name, org_zip, org_address, org_city, org_abbreviation) values ('Reynolds, Rowe and Corwin', 'B6522', '07 Burning Wood Junction', 'Bohou', 'QRZ');
insert into Organization (org_name, org_zip, org_address, org_city, org_abbreviation) values ('Hahn-Breitenberg', '90054', '1960 Elmside Court', 'Cungapmimbo', 'GSY');
insert into Organization (org_name, org_zip, org_address, org_city, org_abbreviation) values ('Gorczany, Corwin and Prosacco', '27747', '5720 Welch Pass', 'Loncoche', 'QSR');
insert into Organization (org_name, org_zip, org_address, org_city, org_abbreviation) values ('Corkery and Sons', '3480', '7 Porter Crossing', 'Barranqueras', 'XXK');
insert into Organization (org_name, org_zip, org_address, org_city, org_abbreviation) values ('Effertz-Hayes', '227637', '159 Sheridan Alley', 'Kenarilang', 'BWW');
insert into Organization (org_name, org_zip, org_address, org_city, org_abbreviation) values ('Will LLC', '727872', '32 Briar Crest Road', 'Krajan Kedungsalam', 'DLG');
insert into Organization (org_name, org_zip, org_address, org_city, org_abbreviation) values ('Bahringer-Turner', '3312', '9 Ronald Regan Terrace', 'Gumalang', 'EID');
insert into Organization (org_name, org_zip, org_address, org_city, org_abbreviation) values ('Mante, Krajcik and Klein', '727432', '4 Dahle Alley', 'Béboto', 'MFP');
insert into Organization (org_name, org_zip, org_address, org_city, org_abbreviation) values ('Huels-Bashirian', '6041', '987 Calypso Terrace', 'Biasong', 'VBD');
insert into Organization (org_name, org_zip, org_address, org_city, org_abbreviation) values ('Weissnat-Nitzsche', 'I47476', '8385 Spenser Crossing', 'Huacho', 'WPF');
insert into Organization (org_name, org_zip, org_address, org_city, org_abbreviation) values ('Gislason-Leuschke', '26373-34', '554 Center Lane', 'Bujumbura', 'UNM');
insert into Organization (org_name, org_zip, org_address, org_city, org_abbreviation) values ('Erdman-Nader', '58000-000', '1 Golf Hill', 'João Pessoa', 'BES');
insert into Organization (org_name, org_zip, org_address, org_city, org_abbreviation) values ('Kerluke Inc', '22-8738', '455 Prairieview Avenue', 'Koufália', 'LNH');


insert into Evaluation (evaluation_id, evaluation_grade, evaluation_date) values (12929, 88, '2013-11-23');
insert into Evaluation (evaluation_id, evaluation_grade, evaluation_date) values (22920, 58, '2013-08-12');
insert into Evaluation (evaluation_id, evaluation_grade, evaluation_date) values (96049, 57, '2013-10-02');
insert into Evaluation (evaluation_id, evaluation_grade, evaluation_date) values (42365, 66, '2013-11-13');
insert into Evaluation (evaluation_id, evaluation_grade, evaluation_date) values (71206, 68, '2013-03-26');
insert into Evaluation (evaluation_id, evaluation_grade, evaluation_date) values (55827, 77, '2013-04-29');
insert into Evaluation (evaluation_id, evaluation_grade, evaluation_date) values (54452, 54, '2013-04-08');
insert into Evaluation (evaluation_id, evaluation_grade, evaluation_date) values (55912, 53, '2013-03-30');
insert into Evaluation (evaluation_id, evaluation_grade, evaluation_date) values (36924, 61, '2013-10-16');
insert into Evaluation (evaluation_id, evaluation_grade, evaluation_date) values (42093, 90, '2013-02-08');
insert into Evaluation (evaluation_id, evaluation_grade, evaluation_date) values (35347, 70, '2013-02-26');
insert into Evaluation (evaluation_id, evaluation_grade, evaluation_date) values (85233, 67, '2013-08-28');
insert into Evaluation (evaluation_id, evaluation_grade, evaluation_date) values (17567, 58, '2013-10-31');
insert into Evaluation (evaluation_id, evaluation_grade, evaluation_date) values (58357, 73, '2013-04-18');
insert into Evaluation (evaluation_id, evaluation_grade, evaluation_date) values (89954, 74, '2013-04-24');
insert into Evaluation (evaluation_id, evaluation_grade, evaluation_date) values (36610, 92, '2013-07-01');
insert into Evaluation (evaluation_id, evaluation_grade, evaluation_date) values (28539, 82, '2013-08-22');
insert into Evaluation (evaluation_id, evaluation_grade, evaluation_date) values (48409, 89, '2013-10-05');
insert into Evaluation (evaluation_id, evaluation_grade, evaluation_date) values (82382, 56, '2013-09-02');
insert into Evaluation (evaluation_id, evaluation_grade, evaluation_date) values (71535, 91, '2013-02-17');
insert into Evaluation (evaluation_id, evaluation_grade, evaluation_date) values (28053, 69, '2020-10-13');
insert into Evaluation (evaluation_id, evaluation_grade, evaluation_date) values (66330, 83, '2020-08-05');
insert into Evaluation (evaluation_id, evaluation_grade, evaluation_date) values (45353, 80, '2020-05-20');
insert into Evaluation (evaluation_id, evaluation_grade, evaluation_date) values (56316, 50, '2020-04-30');
insert into Evaluation (evaluation_id, evaluation_grade, evaluation_date) values (18938, 59, '2020-02-03');
insert into Evaluation (evaluation_id, evaluation_grade, evaluation_date) values (79933, 97, '2020-01-14');
insert into Evaluation (evaluation_id, evaluation_grade, evaluation_date) values (72404, 65, '2020-06-01');
insert into Evaluation (evaluation_id, evaluation_grade, evaluation_date) values (26748, 71, '2020-06-09');
insert into Evaluation (evaluation_id, evaluation_grade, evaluation_date) values (17524, 63, '2020-07-10');
insert into Evaluation (evaluation_id, evaluation_grade, evaluation_date) values (92245, 96, '2020-01-11');
insert into Evaluation (evaluation_id, evaluation_grade, evaluation_date) values (13967, 52, '2020-07-27');
insert into Evaluation (evaluation_id, evaluation_grade, evaluation_date) values (98393, 66, '2020-04-14');
insert into Evaluation (evaluation_id, evaluation_grade, evaluation_date) values (56106, 68, '2020-09-20');
insert into Evaluation (evaluation_id, evaluation_grade, evaluation_date) values (65782, 89, '2020-01-12');
insert into Evaluation (evaluation_id, evaluation_grade, evaluation_date) values (30052, 78, '2020-11-09');
insert into Evaluation (evaluation_id, evaluation_grade, evaluation_date) values (81503, 82, '2020-10-29');
insert into Evaluation (evaluation_id, evaluation_grade, evaluation_date) values (96895, 53, '2020-12-30');
insert into Evaluation (evaluation_id, evaluation_grade, evaluation_date) values (40101, 84, '2020-09-08');
insert into Evaluation (evaluation_id, evaluation_grade, evaluation_date) values (43506, 90, '2020-08-23');
insert into Evaluation (evaluation_id, evaluation_grade, evaluation_date) values (42092, 90, '2020-03-17');
insert into Evaluation (evaluation_id, evaluation_grade, evaluation_date) values (17680, 79, '2020-12-16');
insert into Evaluation (evaluation_id, evaluation_grade, evaluation_date) values (36280, 85, '2020-07-09');
insert into Evaluation (evaluation_id, evaluation_grade, evaluation_date) values (50811, 70, '2020-06-01');
insert into Evaluation (evaluation_id, evaluation_grade, evaluation_date) values (85793, 84, '2020-04-09');
insert into Evaluation (evaluation_id, evaluation_grade, evaluation_date) values (56019, 94, '2020-07-28');
insert into Evaluation (evaluation_id, evaluation_grade, evaluation_date) values (12847, 90, '2020-12-13');
insert into Evaluation (evaluation_id, evaluation_grade, evaluation_date) values (66055, 67, '2020-08-06');
insert into Evaluation (evaluation_id, evaluation_grade, evaluation_date) values (65830, 70, '2020-09-26');
insert into Evaluation (evaluation_id, evaluation_grade, evaluation_date) values (91649, 94, '2020-02-20');
insert into Evaluation (evaluation_id, evaluation_grade, evaluation_date) values (25026, 94, '2020-10-24');
insert into Evaluation (evaluation_id, evaluation_grade, evaluation_date) values (48031, 78, '2020-09-20');
insert into Evaluation (evaluation_id, evaluation_grade, evaluation_date) values (47205, 89, '2020-01-12');
insert into Evaluation (evaluation_id, evaluation_grade, evaluation_date) values (21558, 72, '2020-11-09');
insert into Evaluation (evaluation_id, evaluation_grade, evaluation_date) values (79446, 65, '2020-10-29');
insert into Evaluation (evaluation_id, evaluation_grade, evaluation_date) values (57897, 80, '2020-12-30');
insert into Evaluation (evaluation_id, evaluation_grade, evaluation_date) values (50552, 83, '2020-09-08');
insert into Evaluation (evaluation_id, evaluation_grade, evaluation_date) values (47508, 91, '2020-08-23');
insert into Evaluation (evaluation_id, evaluation_grade, evaluation_date) values (82443, 98, '2020-03-17');
insert into Evaluation (evaluation_id, evaluation_grade, evaluation_date) values (86000, 99, '2020-12-16');
insert into Evaluation (evaluation_id, evaluation_grade, evaluation_date) values (63925, 70, '2020-07-09');
insert into Evaluation (evaluation_id, evaluation_grade, evaluation_date) values (74060, 84, '2020-06-01');
insert into Evaluation (evaluation_id, evaluation_grade, evaluation_date) values (93127, 81, '2020-04-09');
insert into Evaluation (evaluation_id, evaluation_grade, evaluation_date) values (31192, 91, '2020-07-28');
insert into Evaluation (evaluation_id, evaluation_grade, evaluation_date) values (71443, 90, '2020-12-13');
insert into Evaluation (evaluation_id, evaluation_grade, evaluation_date) values (34729, 68, '2020-08-06');
insert into Evaluation (evaluation_id, evaluation_grade, evaluation_date) values (23182, 62, '2020-09-26');
insert into Evaluation (evaluation_id, evaluation_grade, evaluation_date) values (98812, 98, '2020-02-20');
insert into Evaluation (evaluation_id, evaluation_grade, evaluation_date) values (72885, 88, '2020-10-24');





insert into Researcher (researcher_id, researcher_name, researcher_lastname, researcher_birthdate, researcher_gender, org_name, hire_date) values ('28-6275478', 'Gearalt', 'Boick',      '1965-11-09','Male', 'Bednar, Anderson and Torp',         '2012-08-08');
insert into Researcher (researcher_id, researcher_name, researcher_lastname, researcher_birthdate, researcher_gender, org_name, hire_date) values ('27-4987637', 'Clio', 'Loalday',       '1994-08-14', 'Female', 'Fadel, Brakus and Rowe',         '2012-02-04');
insert into Researcher (researcher_id, researcher_name, researcher_lastname, researcher_birthdate, researcher_gender, org_name, hire_date) values ('21-5487477', 'Claiborne', 'Calendar', '1994-05-27', 'Male', 'Bednar, Anderson and Torp',        '2012-11-17');
insert into Researcher (researcher_id, researcher_name, researcher_lastname, researcher_birthdate, researcher_gender, org_name, hire_date) values ('57-6036692', 'Jodie', 'Duplain',      '1991-10-18', 'Female', 'Fadel, Brakus and Rowe',         '2013-06-10');
insert into Researcher (researcher_id, researcher_name, researcher_lastname, researcher_birthdate, researcher_gender, org_name, hire_date) values ('18-8521574', 'Gordon', 'Keig',        '1993-03-04','Male', 'Fadel, Brakus and Rowe',            '2013-05-03');
insert into Researcher (researcher_id, researcher_name, researcher_lastname, researcher_birthdate, researcher_gender, org_name, hire_date) values ('10-1959937', 'Averil', 'Middup',      '1984-08-01','Male', 'Rolfson, Lemke and Wilderman',      '2014-03-20');
insert into Researcher (researcher_id, researcher_name, researcher_lastname, researcher_birthdate, researcher_gender, org_name, hire_date) values ('42-6137875', 'Waylan', 'Schulze',     '1988-04-17', 'Male', 'Rolfson, Lemke and Wilderman',     '2014-01-04');
insert into Researcher (researcher_id, researcher_name, researcher_lastname, researcher_birthdate, researcher_gender, org_name, hire_date) values ('04-1434235', 'Mae', 'O''Donnelly',    '1962-03-18', 'Female','Muller, Williamson and Littel',   '2013-06-14');
insert into Researcher (researcher_id, researcher_name, researcher_lastname, researcher_birthdate, researcher_gender, org_name, hire_date) values ('56-1151228', 'Allene', 'Witheridge',  '1969-02-08', 'Female','Muller, Williamson and Littel',   '2011-09-15');
insert into Researcher (researcher_id, researcher_name, researcher_lastname, researcher_birthdate, researcher_gender, org_name, hire_date) values ('76-3260093', 'Hayden', 'Miners',      '1963-03-17', 'Male', 'Muller, Williamson and Littel',    '2012-01-02');
insert into Researcher (researcher_id, researcher_name, researcher_lastname, researcher_birthdate, researcher_gender, org_name, hire_date) values ('09-0218370', 'Frans', 'Nugent',       '1971-04-23', 'Male', 'Kertzmann, Funk and Bartoletti',   '2014-03-14');
insert into Researcher (researcher_id, researcher_name, researcher_lastname, researcher_birthdate, researcher_gender, org_name, hire_date) values ('65-7208996', 'Aurore', 'Rafter',     '1967-12-04','Female', 'Kertzmann, Funk and Bartoletti',   '2011-05-15');
insert into Researcher (researcher_id, researcher_name, researcher_lastname, researcher_birthdate, researcher_gender, org_name, hire_date) values ('23-3608106', 'Modestine', 'Cranston', '1977-03-16','Female','Kertzmann, Funk and Bartoletti',   '2014-02-08');
insert into Researcher (researcher_id, researcher_name, researcher_lastname, researcher_birthdate, researcher_gender, org_name, hire_date) values ('66-0250036', 'Phil', 'Fiorentino',    '1999-07-27', 'Male', 'Padberg, Bergstrom and Gaylord',   '2010-09-23');
insert into Researcher (researcher_id, researcher_name, researcher_lastname, researcher_birthdate, researcher_gender, org_name, hire_date) values ('57-6371563', 'Oona', 'Feldmesser',    '1972-09-29', 'Female', 'Padberg, Bergstrom and Gaylord', '2011-02-20');
insert into Researcher (researcher_id, researcher_name, researcher_lastname, researcher_birthdate, researcher_gender, org_name, hire_date) values ('58-5184645', 'Lindon', 'Gifkins',     '1960-06-30', 'Male', 'Padberg, Bergstrom and Gaylord',   '2011-09-25');
insert into Researcher (researcher_id, researcher_name, researcher_lastname, researcher_birthdate, researcher_gender, org_name, hire_date) values ('44-3851266', 'Wyatan', 'De Francisci','1960-04-20', 'Male', 'Waelchi, Anderson and Zboncak',    '2012-07-01');
insert into Researcher (researcher_id, researcher_name, researcher_lastname, researcher_birthdate, researcher_gender, org_name, hire_date) values ('90-5610707', 'Alfy', 'Petch',         '1978-11-22','Female', 'Waelchi, Anderson and Zboncak',   '2013-08-31');
insert into Researcher (researcher_id, researcher_name, researcher_lastname, researcher_birthdate, researcher_gender, org_name, hire_date) values ('73-0598174', 'Therine', 'Scrivener',  '1987-05-17','Female', 'Waelchi, Anderson and Zboncak',   '2011-06-29');
insert into Researcher (researcher_id, researcher_name, researcher_lastname, researcher_birthdate, researcher_gender, org_name, hire_date) values ('75-3367468', 'Egbert', 'Stoller',     '1960-12-14', 'Male', 'Rutherford, Leannon and Graham',   '2010-06-14');
insert into Researcher (researcher_id, researcher_name, researcher_lastname, researcher_birthdate, researcher_gender, org_name, hire_date) values ('82-3866938', 'Lorens', 'Dagless',     '1980-05-10', 'Male', 'Rutherford, Leannon and Graham',   '2012-05-25');
insert into Researcher (researcher_id, researcher_name, researcher_lastname, researcher_birthdate, researcher_gender, org_name, hire_date) values ('61-5686409', 'Harv', 'Carbry',        '1967-09-08','Male', 'Kiehn Group',                       '2013-06-02');
insert into Researcher (researcher_id, researcher_name, researcher_lastname, researcher_birthdate, researcher_gender, org_name, hire_date) values ('96-1336721', 'Dru', 'Beeck',          '1968-06-06', 'Male', 'Kiehn Group',                      '2011-11-28');
insert into Researcher (researcher_id, researcher_name, researcher_lastname, researcher_birthdate, researcher_gender, org_name, hire_date) values ('56-2153184', 'Darryl', 'Nenci',       '1994-09-01','Female', 'Klein, Grant and Rosenbaum',      '2012-11-11');
insert into Researcher (researcher_id, researcher_name, researcher_lastname, researcher_birthdate, researcher_gender, org_name, hire_date) values ('91-2314903', 'Fae', 'Noakes',         '1978-08-10', 'Female', 'Klein, Grant and Rosenbaum',     '2012-01-07');
insert into Researcher (researcher_id, researcher_name, researcher_lastname, researcher_birthdate, researcher_gender, org_name, hire_date) values ('84-6018143', 'Britney', 'Downing',    '1990-05-15', 'Female', 'Gislason Inc',                   '2012-01-03');
insert into Researcher (researcher_id, researcher_name, researcher_lastname, researcher_birthdate, researcher_gender, org_name, hire_date) values ('26-3543581', 'Jewelle', 'Haslehurst', '1960-10-21','Female', 'Gislason Inc',                    '2012-05-28');
insert into Researcher (researcher_id, researcher_name, researcher_lastname, researcher_birthdate, researcher_gender, org_name, hire_date) values ('79-5290438', 'Laughton', 'Coston',    '1976-04-06', 'Male', 'Hilll, Klein and Bartell',         '2012-07-19');
insert into Researcher (researcher_id, researcher_name, researcher_lastname, researcher_birthdate, researcher_gender, org_name, hire_date) values ('56-7923899', 'Fancie', 'Klemmt',      '1975-04-09','Female', 'Hilll, Klein and Bartell',        '2013-03-01');
insert into Researcher (researcher_id, researcher_name, researcher_lastname, researcher_birthdate, researcher_gender, org_name, hire_date) values ('80-2962225', 'Alexandra', 'Denver',   '1992-01-13', 'Female', 'Schamberger-Torp',               '2013-02-07');
insert into Researcher (researcher_id, researcher_name, researcher_lastname, researcher_birthdate, researcher_gender, org_name, hire_date) values ('02-8485718', 'Dev', 'Dolden',         '1981-06-13', 'Male', 'Schamberger-Torp',                 '2011-08-08');
insert into Researcher (researcher_id, researcher_name, researcher_lastname, researcher_birthdate, researcher_gender, org_name, hire_date) values ('31-3151845', 'Marco', 'Adrienne',     '1980-03-06', 'Male', 'Marks Inc',                        '2011-04-14');
insert into Researcher (researcher_id, researcher_name, researcher_lastname, researcher_birthdate, researcher_gender, org_name, hire_date) values ('89-1989742', 'Stillman', 'Robion',    '1997-09-05', 'Male', 'Marks Inc',                        '2014-05-14');
insert into Researcher (researcher_id, researcher_name, researcher_lastname, researcher_birthdate, researcher_gender, org_name, hire_date) values ('32-0034181', 'Murial', 'Ditty',       '1998-12-12', 'Female', 'Marks Inc',                      '2013-04-25');
insert into Researcher (researcher_id, researcher_name, researcher_lastname, researcher_birthdate, researcher_gender, org_name, hire_date) values ('80-3377595', 'Tiler', 'Rossin',       '1993-04-08', 'Male', 'Hyatt, Krajcik and Hand',          '2010-09-23');
insert into Researcher (researcher_id, researcher_name, researcher_lastname, researcher_birthdate, researcher_gender, org_name, hire_date) values ('44-5730907', 'Gerianna', 'Sabie',     '1984-09-02', 'Female', 'Hyatt, Krajcik and Hand',        '2012-09-11');
insert into Researcher (researcher_id, researcher_name, researcher_lastname, researcher_birthdate, researcher_gender, org_name, hire_date) values ('65-3301338', 'Barty', 'Edwardes',     '1970-02-07', 'Male', 'Lebsack Inc',                      '2013-10-29');
insert into Researcher (researcher_id, researcher_name, researcher_lastname, researcher_birthdate, researcher_gender, org_name, hire_date) values ('75-4457670', 'Philip', 'Coan',        '1999-01-08', 'Male', 'Lebsack Inc',                      '2011-11-14');
insert into Researcher (researcher_id, researcher_name, researcher_lastname, researcher_birthdate, researcher_gender, org_name, hire_date) values ('49-3336363', 'Elyse', 'Hendrikse',    '1962-04-15', 'Female', 'Lebsack Inc',                    '2012-08-09');
insert into Researcher (researcher_id, researcher_name, researcher_lastname, researcher_birthdate, researcher_gender, org_name, hire_date) values ('86-1391116', 'Baudoin', 'Meron',      '1968-04-19', 'Male', 'Schuppe-Schaefer',                 '2013-03-25');
insert into Researcher (researcher_id, researcher_name, researcher_lastname, researcher_birthdate, researcher_gender, org_name, hire_date) values ('37-1732363', 'Dolli', 'Serrell',      '1982-01-26', 'Female', 'Schuppe-Schaefer',               '2011-06-18');
insert into Researcher (researcher_id, researcher_name, researcher_lastname, researcher_birthdate, researcher_gender, org_name, hire_date) values ('34-9272947', 'Wilona', 'Gentzsch',    '1974-06-01', 'Female', 'Nader-Sporer',                   '2011-06-19');
insert into Researcher (researcher_id, researcher_name, researcher_lastname, researcher_birthdate, researcher_gender, org_name, hire_date) values ('59-7382728', 'Mariejeanne', 'Senter', '1968-10-10','Female', 'Nader-Sporer',                    '2010-09-05');
insert into Researcher (researcher_id, researcher_name, researcher_lastname, researcher_birthdate, researcher_gender, org_name, hire_date) values ('85-9789264', 'Haley', 'Yearnes',      '1998-05-23', 'Female', 'Nader-Sporer',                   '2011-12-13');
insert into Researcher (researcher_id, researcher_name, researcher_lastname, researcher_birthdate, researcher_gender, org_name, hire_date) values ('58-8532721', 'Cozmo', 'Fennelly',     '1972-06-18', 'Male', 'Berge-Kilback',                    '2014-03-26');
insert into Researcher (researcher_id, researcher_name, researcher_lastname, researcher_birthdate, researcher_gender, org_name, hire_date) values ('06-3664612', 'Alyse', 'Billiard',     '1992-05-05', 'Female', 'Berge-Kilback',                  '2010-08-12');
insert into Researcher (researcher_id, researcher_name, researcher_lastname, researcher_birthdate, researcher_gender, org_name, hire_date) values ('52-4418450', 'Norine', 'Keates',      '1971-09-22', 'Female', 'Berge-Kilback',                  '2012-04-19');
insert into Researcher (researcher_id, researcher_name, researcher_lastname, researcher_birthdate, researcher_gender, org_name, hire_date) values ('01-7655902', 'Imogen', 'Erie',        '1983-06-23', 'Female', 'Larson-Lindgren',                '2014-04-05');
insert into Researcher (researcher_id, researcher_name, researcher_lastname, researcher_birthdate, researcher_gender, org_name, hire_date) values ('54-1107828', 'Daffy', 'Dering',       '1965-12-03','Female', 'Larson-Lindgren',                 '2010-06-20');
insert into Researcher (researcher_id, researcher_name, researcher_lastname, researcher_birthdate, researcher_gender, org_name, hire_date) values ('81-0428271', 'Adolf', 'Pitbladdo',    '1964-09-07', 'Male', 'Sawayn-Lakin',                     '2011-11-24');
insert into Researcher (researcher_id, researcher_name, researcher_lastname, researcher_birthdate, researcher_gender, org_name, hire_date) values ('70-9210106', 'Hali', 'Yakovlev',      '1992-02-20', 'Female', 'Sawayn-Lakin',                   '2012-08-06');
insert into Researcher (researcher_id, researcher_name, researcher_lastname, researcher_birthdate, researcher_gender, org_name, hire_date) values ('07-1834817', 'Neel', 'Presnail',      '1986-09-23', 'Male', 'Sawayn-Lakin',                     '2011-05-18');
insert into Researcher (researcher_id, researcher_name, researcher_lastname, researcher_birthdate, researcher_gender, org_name, hire_date) values ('72-0113775', 'Dona', 'Abbett',        '1986-08-11', 'Female', 'Koepp, Luettgen and Ratke',      '2012-12-13');
insert into Researcher (researcher_id, researcher_name, researcher_lastname, researcher_birthdate, researcher_gender, org_name, hire_date) values ('98-3729080', 'Albert', 'Mustoo',      '1981-04-13', 'Male', 'Koepp, Luettgen and Ratke',        '2011-10-24');
insert into Researcher (researcher_id, researcher_name, researcher_lastname, researcher_birthdate, researcher_gender, org_name, hire_date) values ('30-1311536', 'Barnaby','Bickerstasse','1966-03-26', 'Male', 'Koepp, Luettgen and Ratke',        '2010-12-31');
insert into Researcher (researcher_id, researcher_name, researcher_lastname, researcher_birthdate, researcher_gender, org_name, hire_date) values ('41-5951956', 'Dunstan', 'Kramer',     '1978-05-12', 'Male', 'Monahan Inc',                      '2010-09-28');
insert into Researcher (researcher_id, researcher_name, researcher_lastname, researcher_birthdate, researcher_gender, org_name, hire_date) values ('47-3388341', 'Larry', 'Fritz',        '1973-09-04', 'Male', 'Monahan Inc',                      '2011-03-06');
insert into Researcher (researcher_id, researcher_name, researcher_lastname, researcher_birthdate, researcher_gender, org_name, hire_date) values ('66-6865693', 'Madeline', 'Tidbold',   '1992-12-22', 'Female', 'Gulgowski Group',                '2014-04-18');
insert into Researcher (researcher_id, researcher_name, researcher_lastname, researcher_birthdate, researcher_gender, org_name, hire_date) values ('01-7958373', 'Alard', 'Renowden',     '1983-02-06','Male', 'Gulgowski Group',                   '2011-05-01');
insert into Researcher (researcher_id, researcher_name, researcher_lastname, researcher_birthdate, researcher_gender, org_name, hire_date) values ('83-4471684', 'Maxim', 'Paraman',      '1971-05-18', 'Male', 'Gulgowski Group',                  '2013-01-25');
insert into Researcher (researcher_id, researcher_name, researcher_lastname, researcher_birthdate, researcher_gender, org_name, hire_date) values ('41-0559392', 'Briney', 'Woltman',     '1984-10-28','Female', 'Gulgowski Group',                 '2013-01-24');
insert into Researcher (researcher_id, researcher_name, researcher_lastname, researcher_birthdate, researcher_gender, org_name, hire_date) values ('94-6898825', 'Berry', 'Boag',         '1962-02-13', 'Female', 'Stehr, Bechtelar and Thompson',  '2011-12-11');
insert into Researcher (researcher_id, researcher_name, researcher_lastname, researcher_birthdate, researcher_gender, org_name, hire_date) values ('33-2577532', 'Kristyn', 'Humblestone','1981-01-26','Female', 'Deckow Inc',                      '2012-06-25');
insert into Researcher (researcher_id, researcher_name, researcher_lastname, researcher_birthdate, researcher_gender, org_name, hire_date) values ('65-1137987', 'Bay', 'Sambell',        '1993-03-18', 'Male', 'Deckow Inc',                       '2011-01-16');
insert into Researcher (researcher_id, researcher_name, researcher_lastname, researcher_birthdate, researcher_gender, org_name, hire_date) values ('99-8658179', 'Marchelle', 'Blissitt', '1980-11-30', 'Female', 'Stehr, Bechtelar and Thompson',  '2011-11-28');
insert into Researcher (researcher_id, researcher_name, researcher_lastname, researcher_birthdate, researcher_gender, org_name, hire_date) values ('35-8449691', 'Sutton', 'Buxcey',      '1978-12-13', 'Male','Stehr, Bechtelar and Thompson',     '2014-01-04');
insert into Researcher (researcher_id, researcher_name, researcher_lastname, researcher_birthdate, researcher_gender, org_name, hire_date) values ('04-2727589', 'Wilek', 'Smithe',       '1992-11-20', 'Male', 'Casper, Steuber and Ullrich',      '2014-04-15');
insert into Researcher (researcher_id, researcher_name, researcher_lastname, researcher_birthdate, researcher_gender, org_name, hire_date) values ('13-4169183', 'Didi', 'Pitkethly',     '1962-08-15','Female', 'Casper, Steuber and Ullrich',     '2013-01-09');
insert into Researcher (researcher_id, researcher_name, researcher_lastname, researcher_birthdate, researcher_gender, org_name, hire_date) values ('14-5638676', 'Allina', 'Hanstock',    '1989-02-06', 'Female', 'Casper, Steuber and Ullrich',    '2012-01-26');
insert into Researcher (researcher_id, researcher_name, researcher_lastname, researcher_birthdate, researcher_gender, org_name, hire_date) values ('12-0612059', 'Lane', 'Hampshaw',      '1979-09-02','Male', 'Reynolds, Rowe and Corwin',         '2010-11-26');
insert into Researcher (researcher_id, researcher_name, researcher_lastname, researcher_birthdate, researcher_gender, org_name, hire_date) values ('25-9679535', 'Melessa', 'McLorinan',  '1975-08-07', 'Female', 'Reynolds, Rowe and Corwin',      '2011-01-10');
insert into Researcher (researcher_id, researcher_name, researcher_lastname, researcher_birthdate, researcher_gender, org_name, hire_date) values ('73-5716870', 'Gretta', 'Caberas',     '1990-07-26', 'Female', 'Reynolds, Rowe and Corwin',      '2012-10-14');
insert into Researcher (researcher_id, researcher_name, researcher_lastname, researcher_birthdate, researcher_gender, org_name, hire_date) values ('90-7164353', 'Benedick', 'Biggar',    '1986-03-10', 'Male', 'Hahn-Breitenberg',                 '2012-09-27');
insert into Researcher (researcher_id, researcher_name, researcher_lastname, researcher_birthdate, researcher_gender, org_name, hire_date) values ('19-1421961', 'Jeremie', 'Filippov',   '1976-04-21', 'Male', 'Hahn-Breitenberg',                 '2010-07-02');
insert into Researcher (researcher_id, researcher_name, researcher_lastname, researcher_birthdate, researcher_gender, org_name, hire_date) values('66-8061670','Helen-elizabeth','Struis','1982-12-06', 'Female', 'Hahn-Breitenberg',               '2011-04-21');
insert into Researcher (researcher_id, researcher_name, researcher_lastname, researcher_birthdate, researcher_gender, org_name, hire_date) values ('48-4736123', 'Cherilynn', 'Drummer',  '1975-11-26', 'Female', 'Gorczany, Corwin and Prosacco',  '2012-06-05');
insert into Researcher (researcher_id, researcher_name, researcher_lastname, researcher_birthdate, researcher_gender, org_name, hire_date) values ('59-2799946', 'Miles', 'Freear',       '1993-12-04', 'Male', 'Gorczany, Corwin and Prosacco',    '2014-01-30');
insert into Researcher (researcher_id, researcher_name, researcher_lastname, researcher_birthdate, researcher_gender, org_name, hire_date) values ('75-4154089', 'Javier', 'Scammonden',  '1976-11-29', 'Male', 'Gorczany, Corwin and Prosacco',    '2013-06-19');
insert into Researcher (researcher_id, researcher_name, researcher_lastname, researcher_birthdate, researcher_gender, org_name, hire_date) values ('54-4784310', 'Mendel', 'Redemile',    '1989-01-23', 'Male', 'Corkery and Sons',                 '2011-02-13');
insert into Researcher (researcher_id, researcher_name, researcher_lastname, researcher_birthdate, researcher_gender, org_name, hire_date) values ('22-1694211', 'Helene', 'Francino',    '1989-09-03', 'Female', 'Corkery and Sons',               '2013-05-12');
insert into Researcher (researcher_id, researcher_name, researcher_lastname, researcher_birthdate, researcher_gender, org_name, hire_date) values ('42-1765025', 'Kalle', 'Petriello',    '1967-07-27', 'Male', 'Effertz-Hayes',                    '2011-02-17');
insert into Researcher (researcher_id, researcher_name, researcher_lastname, researcher_birthdate, researcher_gender, org_name, hire_date) values ('13-6264661', 'Giffie', 'Zannotelli',  '1971-01-21','Male', 'Effertz-Hayes',                     '2013-10-24');
insert into Researcher (researcher_id, researcher_name, researcher_lastname, researcher_birthdate, researcher_gender, org_name, hire_date) values ('06-1291568', 'Jamill', 'Nattrass',    '1969-03-21', 'Male', 'Will LLC',                         '2011-02-17');
insert into Researcher (researcher_id, researcher_name, researcher_lastname, researcher_birthdate, researcher_gender, org_name, hire_date) values ('94-3082451', 'Dionysus', 'Waldera',   '1969-06-15', 'Male', 'Will LLC',                         '2010-07-04');
insert into Researcher (researcher_id, researcher_name, researcher_lastname, researcher_birthdate, researcher_gender, org_name, hire_date) values ('26-3877947', 'Ryon', 'Botfield',      '1988-01-25','Male', 'Bahringer-Turner',                  '2011-04-23');
insert into Researcher (researcher_id, researcher_name, researcher_lastname, researcher_birthdate, researcher_gender, org_name, hire_date) values ('78-4804464', 'Cull', 'Hansie',        '1989-10-21', 'Male', 'Bahringer-Turner',                 '2013-03-23');
insert into Researcher (researcher_id, researcher_name, researcher_lastname, researcher_birthdate, researcher_gender, org_name, hire_date) values ('39-4440676', 'Pace', 'Vanezis',       '1978-01-31', 'Male', 'Mante, Krajcik and Klein',         '2013-07-07');
insert into Researcher (researcher_id, researcher_name, researcher_lastname, researcher_birthdate, researcher_gender, org_name, hire_date) values ('76-7942650', 'Terencio', 'Nuzzti',    '1999-03-31', 'Male', 'Mante, Krajcik and Klein',         '2011-03-20');
insert into Researcher (researcher_id, researcher_name, researcher_lastname, researcher_birthdate, researcher_gender, org_name, hire_date) values ('75-6076537', 'Fabe', 'O''Neary',      '1982-11-07', 'Male', 'Huels-Bashirian',                  '2011-04-11');
insert into Researcher (researcher_id, researcher_name, researcher_lastname, researcher_birthdate, researcher_gender, org_name, hire_date) values ('58-2347723', 'Jasen', 'Mussett',      '1976-06-15', 'Male', 'Huels-Bashirian',                  '2011-11-09');
insert into Researcher (researcher_id, researcher_name, researcher_lastname, researcher_birthdate, researcher_gender, org_name, hire_date) values ('21-4896133', 'Emylee', 'Endley',      '1984-11-06','Female', 'Weissnat-Nitzsche',               '2011-10-28');
insert into Researcher (researcher_id, researcher_name, researcher_lastname, researcher_birthdate, researcher_gender, org_name, hire_date) values ('27-0538620', 'Barde', 'Vian',         '1968-05-18','Male', 'Weissnat-Nitzsche',                 '2013-04-25');
insert into Researcher (researcher_id, researcher_name, researcher_lastname, researcher_birthdate, researcher_gender, org_name, hire_date) values ('65-5493124', 'Cirstoforo', 'Haquin',  '1971-12-28', 'Male', 'Gislason-Leuschke',                '2013-08-09');
insert into Researcher (researcher_id, researcher_name, researcher_lastname, researcher_birthdate, researcher_gender, org_name, hire_date) values ('04-2333861', 'Elna', 'di Rocca',      '1999-01-27', 'Female', 'Gislason-Leuschke',              '2012-03-16');
insert into Researcher (researcher_id, researcher_name, researcher_lastname, researcher_birthdate, researcher_gender, org_name, hire_date) values ('97-0436904', 'Egbert', 'Kisbee',      '1988-07-17', 'Male', 'Gislason-Leuschke',                '2013-09-01');
insert into Researcher (researcher_id, researcher_name, researcher_lastname, researcher_birthdate, researcher_gender, org_name, hire_date) values ('22-4783939', 'Hali', 'Degoy',         '1966-05-29','Female', 'Erdman-Nader',                    '2013-03-01');
insert into Researcher (researcher_id, researcher_name, researcher_lastname, researcher_birthdate, researcher_gender, org_name, hire_date) values ('44-8992806', 'Monro', 'Montrose',     '1986-11-22', 'Male', 'Erdman-Nader',                     '2012-04-23');
insert into Researcher (researcher_id, researcher_name, researcher_lastname, researcher_birthdate, researcher_gender, org_name, hire_date) values ('81-7250081', 'Orazio', 'Grahlmans',   '1983-07-16', 'Male', 'Erdman-Nader',                     '2013-07-09');
insert into Researcher (researcher_id, researcher_name, researcher_lastname, researcher_birthdate, researcher_gender, org_name, hire_date) values ('67-9990754', 'Sauncho', 'Leonardi',   '1993-04-19', 'Male', 'Kerluke Inc',                      '2011-09-07');
insert into Researcher (researcher_id, researcher_name, researcher_lastname, researcher_birthdate, researcher_gender, org_name, hire_date) values ('28-2420815', 'Doti', 'Blaymires',     '1984-06-02', 'Female', 'Kerluke Inc',                    '2012-08-17');



insert into Project (project_title, project_start, project_end, project_budget, staff_id, program_name, evaluation_id, researcher_id, org_name, head_researcher, project_summary) values ('X-find',               '2014-04-10','2017-08-25', 925213, '399871778', 'Ullamcorper Nisl Corp.', 12929, '32-0034181',           'Bednar, Anderson and Torp','21-5487477' , 'Nulla ut erat id mauris vulputate elementum. Nullam varius. Nulla facilisi.');
insert into Project (project_title, project_start, project_end, project_budget, staff_id, program_name, evaluation_id, researcher_id, org_name, head_researcher, project_summary) values ('Zathin',               '2014-09-12','2016-12-04', 995327, '598635218', 'Conubia Nostra Per Incorporated', 81503, '80-3377595',  'Kerluke Inc','28-2420815' , 'Aenean fermentum. Donec ut mauris eget massa tempor convallis. Nulla neque libero, convallis eget, eleifend luctus, ultricies eu, nibh.');
insert into Project (project_title, project_start, project_end, project_budget, staff_id, program_name, evaluation_id, researcher_id, org_name, head_researcher, project_summary) values ('Opela',                '2014-10-06','2017-02-02', 152541, '083794681', 'Nec Diam Consulting', 30052, '44-5730907',              'Erdman-Nader','81-7250081' , 'Nulla ut erat id mauris vulputate elementum. Nullam varius. Nulla facilisi.');
insert into Project (project_title, project_start, project_end, project_budget, staff_id, program_name, evaluation_id, researcher_id, org_name, head_researcher, project_summary) values ('Y-find',               '2014-10-02','2016-10-29', 674575, '592004101', 'Arcu Vestibulum Consulting', 65782, '65-3301338',       'Gislason-Leuschke','97-0436904' , 'Duis aliquam convallis nunc. Proin at turpis a pede posuere nonummy. Integer non velit.');
insert into Project (project_title, project_start, project_end, project_budget, staff_id, program_name, evaluation_id, researcher_id, org_name, head_researcher, project_summary) values ('Stronghold',           '2014-06-02','2016-08-07', 379896, '683818199', 'Maecenas Libero PC', 56106, '75-4457670',               'Weissnat-Nitzsche','27-0538620' , 'Fusce posuere felis sed lacus. Morbi sem mauris, laoreet ut, rhoncus aliquet, pulvinar sed, nisl. Nunc rhoncus dui vel sem.');
insert into Project (project_title, project_start, project_end, project_budget, staff_id, program_name, evaluation_id, researcher_id, org_name, head_researcher, project_summary) values ('Konklux',              '2014-01-17','2017-06-07', 449364, '469083205', 'Sodales Elit Erat Corporation', 98393, '49-3336363',    'Huels-Bashirian','58-2347723' , 'Phasellus in felis. Donec semper sapien a libero. Nam dui.');
insert into Project (project_title, project_start, project_end, project_budget, staff_id, program_name, evaluation_id, researcher_id, org_name, head_researcher, project_summary) values ('Home Ing',             '2014-06-29','2016-11-17', 431628, '206777246', 'Cursus Et LLC', 13967, '86-1391116',                    'Mante, Krajcik and Klein', '76-7942650', 'Curabitur gravida nisi at nibh. In hac habitasse platea dictumst. Aliquam augue quam, sollicitudin vitae, consectetuer eget, rutrum at, lorem.');
insert into Project (project_title, project_start, project_end, project_budget, staff_id, program_name, evaluation_id, researcher_id, org_name, head_researcher, project_summary) values ('Sonair',               '2014-02-26','2016-09-14', 684770, '809450101', 'Et Foundation', 92245, '37-1732363',                    'Bahringer-Turner','78-4804464' , 'Nullam porttitor lacus at turpis. Donec posuere metus vitae ipsum. Aliquam non mauris.');
insert into Project (project_title, project_start, project_end, project_budget, staff_id, program_name, evaluation_id, researcher_id, org_name, head_researcher, project_summary) values ('Duobam',               '2014-10-18','2016-04-04', 760295, '697921952', 'Dignissim Tempor Corp.', 22920, '34-9272947',           'Will LLC', '06-1291568', 'Lorem ipsum dolor sit amet, consectetuer adipiscing elit. Proin risus. Praesent lectus.');
insert into Project (project_title, project_start, project_end, project_budget, staff_id, program_name, evaluation_id, researcher_id, org_name, head_researcher, project_summary) values ('Cardify',              '2014-08-27','2017-08-28', 796290, '653840584', 'Nec Ante Corporation', 17524, '59-7382728',             'Effertz-Hayes','13-6264661' , 'Praesent id massa id nisl venenatis lacinia. Aenean sit amet justo. Morbi ut odio.');
insert into Project (project_title, project_start, project_end, project_budget, staff_id, program_name, evaluation_id, researcher_id, org_name, head_researcher, project_summary) values ('Konklab',              '2014-07-24','2016-09-19', 293477, '444584604', 'Nunc Laoreet Corporation', 26748, '85-9789264',         'Corkery and Sons','22-1694211' , 'Maecenas tristique, est et tempus semper, est quam pharetra magna, ac consequat metus sapien ut nunc. Vestibulum ante ipsum primis in faucibus orci luctus et ultrices posuere cubilia Curae; Mauris viverra diam vitae quam. Suspendisse potenti.');
insert into Project (project_title, project_start, project_end, project_budget, staff_id, program_name, evaluation_id, researcher_id, org_name, head_researcher, project_summary) values ('Stringsoft',           '2014-05-17','2016-04-05', 146297, '628672430', 'Interdum Curabitur Dictum PC', '72404', '58-8532721',   'Gorczany, Corwin and Prosacco','75-4154089', 'Nullam porttitor lacus at turpis. Donec posuere metus vitae ipsum. Aliquam non mauris.');
insert into Project (project_title, project_start, project_end, project_budget, staff_id, program_name, evaluation_id, researcher_id, org_name, head_researcher, project_summary) values ('Gembucket',            '2014-07-16','2017-09-17', 118072, '229894375', 'Ornare Lectus Corporation', 96049, '06-3664612',        'Hahn-Breitenberg', '66-8061670', 'Maecenas tristique, est et tempus semper, est quam pharetra magna, ac consequat metus sapien ut nunc. Vestibulum ante ipsum primis in faucibus orci luctus et ultrices posuere cubilia Curae; Mauris viverra diam vitae quam. Suspendisse potenti.');
insert into Project (project_title, project_start, project_end, project_budget, staff_id, program_name, evaluation_id, researcher_id, org_name, head_researcher, project_summary) values ('Tempsoft',             '2014-05-06','2016-12-11', 600378, '579829835', 'Enim Consequat Associates', 79933, '28-6275478',        'Reynolds, Rowe and Corwin','73-5716870' , 'Pellentesque at nulla. Suspendisse potenti. Cras in purus eu magna vulputate luctus.');
insert into Project (project_title, project_start, project_end, project_budget, staff_id, program_name, evaluation_id, researcher_id, org_name, head_researcher, project_summary) values ('Chelsea',              '2014-06-12','2016-08-22', 762627, '093861389', 'Nisi Corp.', 45353, '27-4987637',                       'Casper, Steuber and Ullrich','14-5638676' , 'In hac habitasse platea dictumst. Morbi vestibulum, velit id pretium iaculis, diam erat fermentum justo, nec condimentum neque sapien placerat ante. Nulla justo.');
insert into Project (project_title, project_start, project_end, project_budget, staff_id, program_name, evaluation_id, researcher_id, org_name, head_researcher, project_summary) values ('Overhold',             '2014-11-05','2016-12-22', 344009, '328632444', 'Maecenas Malesuada Inc.', 56316, '52-4418450',          'Deckow Inc','65-1137987' , 'Nulla ut erat id mauris vulputate elementum. Nullam varius. Nulla facilisi.');
insert into Project (project_title, project_start, project_end, project_budget, staff_id, program_name, evaluation_id, researcher_id, org_name, head_researcher, project_summary) values ('Klan',                 '2014-09-17','2016-03-24', 771246, '688028709', 'Faucibus Incorporated', 18938, '21-5487477',            'Stehr, Bechtelar and Thompson','35-8449691' , 'Maecenas leo odio, condimentum id, luctus nec, molestie sed, justo. Pellentesque viverra pede ac diam. Cras pellentesque volutpat dui.');
insert into Project (project_title, project_start, project_end, project_budget, staff_id, program_name, evaluation_id, researcher_id, org_name, head_researcher, project_summary) values ('Transcof',             '2014-11-03','2017-09-02', 347551, '262947521', 'Est Ac Company', 42365, '57-6036692',                   'Gulgowski Group','41-0559392' , 'Praesent blandit. Nam nulla. Integer pede justo, lacinia eget, tincidunt eget, tempus vel, pede.');
insert into Project (project_title, project_start, project_end, project_budget, staff_id, program_name, evaluation_id, researcher_id, org_name, head_researcher, project_summary) values ('Konami',               '2014-11-25','2017-05-27', 881498, '353521305', 'Sit Corp.', 71206, '18-8521574',                        'Monahan Inc', '47-3388341', 'In quis justo. Maecenas rhoncus aliquam lacus. Morbi quis tortor id nulla ultrices aliquet.');
insert into Project (project_title, project_start, project_end, project_budget, staff_id, program_name, evaluation_id, researcher_id, org_name, head_researcher, project_summary) values ('Subin',                '2014-10-29','2016-03-17', 930686, '314279904', 'Faucibus Orci Luctus Institute', 55827, '10-1959937',   'Koepp, Luettgen and Ratke','30-1311536' , 'Suspendisse potenti. In eleifend quam a odio. In hac habitasse platea dictumst.');
insert into Project (project_title, project_start, project_end, project_budget, staff_id, program_name, evaluation_id, researcher_id, org_name, head_researcher, project_summary) values ('Westham',              '2021-07-07','2024-05-19', 315118, '266367612', 'Imperdiet Non LLC', 54452, '42-6137875',                'Sawayn-Lakin','07-1834817' , 'Maecenas ut massa quis augue luctus tincidunt. Nulla mollis molestie lorem. Quisque ut erat.');
insert into Project (project_title, project_start, project_end, project_budget, staff_id, program_name, evaluation_id, researcher_id, org_name, head_researcher, project_summary) values ('Sub-Ex',               '2021-05-16','2024-11-01', 840032, '720915690', 'Eu Ultrices Sit Institute', 96895, '04-1434235',        'Larson-Lindgren','54-1107828' , 'Cum sociis natoque penatibus et magnis dis parturient montes, nascetur ridiculus mus. Vivamus vestibulum sagittis sapien. Cum sociis natoque penatibus et magnis dis parturient montes, nascetur ridiculus mus.');
insert into Project (project_title, project_start, project_end, project_budget, staff_id, program_name, evaluation_id, researcher_id, org_name, head_researcher, project_summary) values ('Bitfox',               '2021-10-25','2023-12-01', 324248, '754302096', 'Nulla Tincidunt Consulting', 40101, '56-1151228',       'Berge-Kilback', '52-4418450', 'In hac habitasse platea dictumst. Etiam faucibus cursus urna. Ut tellus.');
insert into Project (project_title, project_start, project_end, project_budget, staff_id, program_name, evaluation_id, researcher_id, org_name, head_researcher, project_summary) values ('LosSantos',            '2021-03-16','2024-12-10', 732676, '877380027', 'Duis Gravida Associates', 28053, '76-3260093',          'Nader-Sporer', '85-9789264', 'Cras non velit nec nisi vulputate nonummy. Maecenas tincidunt lacus at velit. Vivamus vel nulla eget eros elementum pellentesque.');
insert into Project (project_title, project_start, project_end, project_budget, staff_id, program_name, evaluation_id, researcher_id, org_name, head_researcher, project_summary) values ('Bamity',               '2021-12-12','2024-12-10', 779030, '785958085', 'Et Magnis Dis Incorporated', 66330, '09-0218370',       'Schuppe-Schaefer','37-1732363' , 'Lorem ipsum dolor sit amet, consectetuer adipiscing elit. Proin risus. Praesent lectus.');
insert into Project (project_title, project_start, project_end, project_budget, staff_id, program_name, evaluation_id, researcher_id, org_name, head_researcher, project_summary) values ('Kanlam',               '2021-01-09','2024-07-20', 243162, '375045016', 'Arcu Institute', 55912, '65-7208996',                   'Lebsack Inc', '49-3336363', 'Etiam vel augue. Vestibulum rutrum rutrum neque. Aenean auctor gravida sem.');
insert into Project (project_title, project_start, project_end, project_budget, staff_id, program_name, evaluation_id, researcher_id, org_name, head_researcher, project_summary) values ('Fix San',              '2021-08-04','2023-06-07', 848763, '349987831', 'Egestas Sed Associates', 36924, '23-3608106',           'Hyatt, Krajcik and Hand', '44-5730907', 'Duis bibendum. Morbi non quam nec dui luctus rutrum. Nulla tellus.');
insert into Project (project_title, project_start, project_end, project_budget, staff_id, program_name, evaluation_id, researcher_id, org_name, head_researcher, project_summary) values ('Bitwolf',              '2021-10-22','2023-04-07', 659942, '553725263', 'Dapibus Gravida Aliquam Ltd', 42093, '66-0250036',      'Marks Inc','32-0034181' , 'Quisque id justo sit amet sapien dignissim vestibulum. Vestibulum ante ipsum primis in faucibus orci luctus et ultrices posuere cubilia Curae; Nulla dapibus dolor vel est. Donec odio justo, sollicitudin ut, suscipit a, feugiat et, eros.');
insert into Project (project_title, project_start, project_end, project_budget, staff_id, program_name, evaluation_id, researcher_id, org_name, head_researcher, project_summary) values ('Fintone',              '2021-12-27','2024-03-25', 113718, '618799800', 'Amet Consectetuer PC', 35347, '57-6371563',             'Schamberger-Torp', '02-8485718', 'Aenean fermentum. Donec ut mauris eget massa tempor convallis. Nulla neque libero, convallis eget, eleifend luctus, ultricies eu, nibh.');
insert into Project (project_title, project_start, project_end, project_budget, staff_id, program_name, evaluation_id, researcher_id, org_name, head_researcher, project_summary) values('Mat Lam Tam',           '2021-12-12','2024-03-03', 553717, '722653437', 'Sed Congue Corp.', 85233, '58-5184645',                 'Hilll, Klein and Bartell','56-7923899' , 'In quis justo. Maecenas rhoncus aliquam lacus. Morbi quis tortor id nulla ultrices aliquet.');
insert into Project (project_title, project_start, project_end, project_budget, staff_id, program_name, evaluation_id, researcher_id, org_name, head_researcher, project_summary) values ('Exsub',                '2021-09-03','2023-08-18', 995995, '700073807', 'Nunc Foundation', 17567, '44-3851266',                  'Gislason Inc', '26-3543581', 'Fusce posuere felis sed lacus. Morbi sem mauris, laoreet ut, rhoncus aliquet, pulvinar sed, nisl. Nunc rhoncus dui vel sem.');
insert into Project (project_title, project_start, project_end, project_budget, staff_id, program_name, evaluation_id, researcher_id, org_name, head_researcher, project_summary) values ('Zoolab',               '2021-02-11','2024-12-18', 747256, '993238168', 'Egestas Ligula Limited', 58357, '90-5610707',           'Klein, Grant and Rosenbaum','91-2314903' , 'Cum sociis natoque penatibus et magnis dis parturient montes, nascetur ridiculus mus. Vivamus vestibulum sagittis sapien. Cum sociis natoque penatibus et magnis dis parturient montes, nascetur ridiculus mus.');
insert into Project (project_title, project_start, project_end, project_budget, staff_id, program_name, evaluation_id, researcher_id, org_name, head_researcher, project_summary) values ('Stim',                 '2021-05-21','2023-04-12', 512158, '668451306', 'Consectetuer Euismod Est Limited', 89954, '73-0598174', 'Kiehn Group', '96-1336721', 'Etiam vel augue. Vestibulum rutrum rutrum neque. Aenean auctor gravida sem.');
insert into Project (project_title, project_start, project_end, project_budget, staff_id, program_name, evaluation_id, researcher_id, org_name, head_researcher, project_summary) values ('Vagram',               '2021-10-18','2024-05-03', 549133, '983143779', 'Lectus LLP', 36610, '61-5686409',                       'Rutherford, Leannon and Graham','82-3866938' , 'Duis bibendum, felis sed interdum venenatis, turpis enim blandit mi, in porttitor pede justo eu massa. Donec dapibus. Duis at velit eu est congue elementum.');
insert into Project (project_title, project_start, project_end, project_budget, staff_id, program_name, evaluation_id, researcher_id, org_name, head_researcher, project_summary) values ('Veribet',              '2021-04-15','2024-01-08', 723660, '519577252', 'Tincidunt Congue PC', 28539, '82-3866938',              'Waelchi, Anderson and Zboncak','73-0598174' , 'Aenean fermentum. Donec ut mauris eget massa tempor convallis. Nulla neque libero, convallis eget, eleifend luctus, ultricies eu, nibh.');
insert into Project (project_title, project_start, project_end, project_budget, staff_id, program_name, evaluation_id, researcher_id, org_name, head_researcher, project_summary) values ('Nowrap',               '2021-10-06','2023-11-07', 301886, '240512223', 'Elit Corp.', 48409, '75-3367468',                       'Padberg, Bergstrom and Gaylord', '58-5184645', 'Nulla ut erat id mauris vulputate elementum. Nullam varius. Nulla facilisi.');
insert into Project (project_title, project_start, project_end, project_budget, staff_id, program_name, evaluation_id, researcher_id, org_name, head_researcher, project_summary) values ('Cone',                 '2021-04-18','2024-02-16', 603014, '050350016', 'Risus At Institute', 82382, '96-1336721',               'Kertzmann, Funk and Bartoletti','23-3608106' , 'In quis justo. Maecenas rhoncus aliquam lacus. Morbi quis tortor id nulla ultrices aliquet.');
insert into Project (project_title, project_start, project_end, project_budget, staff_id, program_name, evaluation_id, researcher_id, org_name, head_researcher, project_summary) values('Ventosanzap',           '2021-10-02','2024-03-21', 411548, '066390764', 'Erat Volutpat Foundation', 71535, '56-2153184',         'Muller, Williamson and Littel', '76-3260093', 'Cum sociis natoque penatibus et magnis dis parturient montes, nascetur ridiculus mus. Vivamus vestibulum sagittis sapien. Cum sociis natoque penatibus et magnis dis parturient montes, nascetur ridiculus mus.');
insert into Project (project_title, project_start, project_end, project_budget, staff_id, program_name, evaluation_id, researcher_id, org_name, head_researcher, project_summary) values ('Tin',                  '2021-08-29','2023-12-20', 786071, '350468221', 'Commodo Tincidunt Nibh Inc.', 43506, '91-2314903',      'Rolfson, Lemke and Wilderman', '42-6137875', 'In hac habitasse platea dictumst. Morbi vestibulum, velit id pretium iaculis, diam erat fermentum justo, nec condimentum neque sapien placerat ante. Nulla justo.');
insert into Project (project_title, project_start, project_end, project_budget, staff_id, program_name, evaluation_id, researcher_id, org_name, head_researcher, project_summary) values ('Lotstring',            '2021-01-20','2023-05-19', 250496, '159226913', 'Lacus Nulla PC', 42092, '84-6018143',                   'Fadel, Brakus and Rowe','18-8521574' , 'Maecenas tristique, est et tempus semper, est quam pharetra magna, ac consequat metus sapien ut nunc. Vestibulum ante ipsum primis in faucibus orci luctus et ultrices posuere cubilia Curae; Mauris viverra diam vitae quam. Suspendisse potenti.');
insert into Project (project_title, project_start, project_end, project_budget, staff_id, program_name, evaluation_id, researcher_id, org_name, head_researcher, project_summary) values ('Acap',                 '2021-02-17','2024-01-30', 370642, '946319863', 'Metus Facilisis Ltd', 17680, '26-3543581',              'Bednar, Anderson and Torp','28-6275478' , 'Nullam porttitor lacus at turpis. Donec posuere metus vitae ipsum. Aliquam non mauris.');
insert into Project (project_title, project_start, project_end, project_budget, staff_id, program_name, evaluation_id, researcher_id, org_name, head_researcher, project_summary) values ('Pannier',              '2021-11-09','2024-04-22', 224360, '634965324', 'Curabitur PC', 36280, '80-2962225',                     'Hilll, Klein and Bartell','79-5290438' , 'Duis bibendum. Morbi non quam nec dui luctus rutrum. Nulla tellus.');
insert into Project (project_title, project_start, project_end, project_budget, staff_id, program_name, evaluation_id, researcher_id, org_name, head_researcher, project_summary) values ('Rank',                 '2021-07-04','2024-10-21', 795297, '015911775', 'Sit Amet Incorporated', 50811, '56-7923899',            'Nader-Sporer','59-7382728' , 'In sagittis dui vel nisl. Duis ac nibh. Fusce lacus purus, aliquet at, feugiat non, pretium quis, lectus.');
insert into Project (project_title, project_start, project_end, project_budget, staff_id, program_name, evaluation_id, researcher_id, org_name, head_researcher, project_summary) values ('Prodder',              '2021-11-26','2024-11-25', 829360, '979005833', 'In Nec Orci Associates', 85793, '79-5290438',           'Casper, Steuber and Ullrich','13-4169183' , 'Suspendisse potenti. In eleifend quam a odio. In hac habitasse platea dictumst.');
insert into Project (project_title, project_start, project_end, project_budget, staff_id, program_name, evaluation_id, researcher_id, org_name, head_researcher, project_summary) values ('Cardguard',            '2021-03-11','2023-07-06', 705818, '714693600', 'Eros Nec Inc.', 56019, '02-8485718',                    'Will LLC','94-3082451' , 'Curabitur gravida nisi at nibh. In hac habitasse platea dictumst. Aliquam augue quam, sollicitudin vitae, consectetuer eget, rutrum at, lorem.');
insert into Project (project_title, project_start, project_end, project_budget, staff_id, program_name, evaluation_id, researcher_id, org_name, head_researcher, project_summary) values('Stringtough',           '2021-02-14','2023-06-25', 930999, '559798851', 'Elementum Purus Accumsan Institute',12847,'31-3151845', 'Weissnat-Nitzsche','21-4896133' , 'Suspendisse potenti. In eleifend quam a odio. In hac habitasse platea dictumst.');
insert into Project (project_title, project_start, project_end, project_budget, staff_id, program_name, evaluation_id, researcher_id, org_name, head_researcher, project_summary) values ('Wrapsafe',             '2021-04-07','2023-09-17', 243795, '483499227', 'Tristique Corp.', 66055, '89-1989742',                  'Casper, Steuber and Ullrich', '04-2727589', 'Nam ultrices, libero non mattis pulvinar, nulla pede ullamcorper augue, a suscipit nulla elit ac nulla. Sed vel enim sit amet nunc viverra dapibus. Nulla suscipit ligula in lacus.');
insert into Project (project_title, project_start, project_end, project_budget, staff_id, program_name, evaluation_id, researcher_id, org_name, head_researcher, project_summary) values ('Bookichi',             '2021-12-01','2024-02-06', 646934, '001405252', 'A Nunc Ltd', 65830, '01-7655902',                       'Erdman-Nader','44-8992806' , 'Vestibulum ac est lacinia nisi venenatis tristique. Fusce congue, diam id ornare imperdiet, sapien urna pretium nisl, ut volutpat sapien arcu sed augue. Aliquam erat volutpat.');
insert into Project (project_title, project_start, project_end, project_budget, staff_id, program_name, evaluation_id, researcher_id, org_name, head_researcher, project_summary) values ('Daltfresh',            '2021-09-18','2023-06-18', 592847, '596304177', 'Curabitur Massa Industries', 91649, '54-1107828',       'Kerluke Inc','67-9990754' , 'Etiam vel augue. Vestibulum rutrum rutrum neque. Aenean auctor gravida sem.');
insert into Project (project_title, project_start, project_end, project_budget, staff_id, program_name, evaluation_id, researcher_id, org_name, head_researcher, project_summary) values('Solarbreeze',           '2021-03-18','2023-09-16', 260947, '433305639', 'Suspendisse Non Leo Institute', 25026, '81-0428271',    'Fadel, Brakus and Rowe','18-8521574' , 'In sagittis dui vel nisl. Duis ac nibh. Fusce lacus purus, aliquet at, feugiat non, pretium quis, lectus.');
insert into Project (project_title, project_start, project_end, project_budget, staff_id, program_name, evaluation_id, researcher_id, org_name, head_researcher, project_summary) values ('Big Project : Phase A', '2022-01-01', '2023-12-16',  234008, '433305639', 'Suspendisse Non Leo Institute', 48031, '81-0428271', 'Fadel, Brakus and Rowe','18-8521574' , 'In sagittis dui vel nisl. Duis ac nibh. Fusce lacus purus, aliquet at, feugiat non, pretium quis, lectus.');
insert into Project (project_title, project_start, project_end, project_budget, staff_id, program_name, evaluation_id, researcher_id, org_name, head_researcher, project_summary) values ('Big Project : Phase B', '2022-02-18', '2023-11-18',  767532, '433305639', 'Suspendisse Non Leo Institute', 47205, '81-0428271', 'Fadel, Brakus and Rowe','18-8521574' , 'In sagittis dui vel nisl. Duis ac nibh. Fusce lacus purus, aliquet at, feugiat non, pretium quis, lectus.');
insert into Project (project_title, project_start, project_end, project_budget, staff_id, program_name, evaluation_id, researcher_id, org_name, head_researcher, project_summary) values ('Big Project : Phase C', '2022-03-10', '2023-10-10',  816718, '433305639', 'Suspendisse Non Leo Institute', 21558, '81-0428271', 'Fadel, Brakus and Rowe','18-8521574' , 'In sagittis dui vel nisl. Duis ac nibh. Fusce lacus purus, aliquet at, feugiat non, pretium quis, lectus.');
insert into Project (project_title, project_start, project_end, project_budget, staff_id, program_name, evaluation_id, researcher_id, org_name, head_researcher, project_summary) values ('Big Project : Phase D', '2022-04-25', '2023-10-12',  901451, '559798851', 'Suspendisse Non Leo Institute', 79446, '84-6018143', 'Fadel, Brakus and Rowe','18-8521574' , 'In sagittis dui vel nisl. Duis ac nibh. Fusce lacus purus, aliquet at, feugiat non, pretium quis, lectus.');
insert into Project (project_title, project_start, project_end, project_budget, staff_id, program_name, evaluation_id, researcher_id, org_name, head_researcher, project_summary) values ('Big Project : Phase E', '2022-05-30', '2023-09-11',  170003, '559798851', 'Suspendisse Non Leo Institute', 57897, '84-6018143', 'Fadel, Brakus and Rowe','18-8521574' , 'In sagittis dui vel nisl. Duis ac nibh. Fusce lacus purus, aliquet at, feugiat non, pretium quis, lectus.');
insert into Project (project_title, project_start, project_end, project_budget, staff_id, program_name, evaluation_id, researcher_id, org_name, head_researcher, project_summary) values ('Big Project : Phase F', '2022-06-27', '2023-08-14',  211604, '559798851', 'Suspendisse Non Leo Institute', 50552, '84-6018143', 'Fadel, Brakus and Rowe','18-8521574' , 'In sagittis dui vel nisl. Duis ac nibh. Fusce lacus purus, aliquet at, feugiat non, pretium quis, lectus.');
insert into Project (project_title, project_start, project_end, project_budget, staff_id, program_name, evaluation_id, researcher_id, org_name, head_researcher, project_summary) values ('Big Project : Phase G', '2022-07-15', '2023-09-13',  383112, '559798851', 'Suspendisse Non Leo Institute', 47508, '84-6018143', 'Fadel, Brakus and Rowe','18-8521574' , 'In sagittis dui vel nisl. Duis ac nibh. Fusce lacus purus, aliquet at, feugiat non, pretium quis, lectus.');
insert into Project (project_title, project_start, project_end, project_budget, staff_id, program_name, evaluation_id, researcher_id, org_name, head_researcher, project_summary) values ('Big Project : Phase H', '2022-08-12', '2023-10-12',  512248, '592004101', 'Suspendisse Non Leo Institute', 82443, '84-6018143', 'Fadel, Brakus and Rowe','18-8521574' , 'In sagittis dui vel nisl. Duis ac nibh. Fusce lacus purus, aliquet at, feugiat non, pretium quis, lectus.');
insert into Project (project_title, project_start, project_end, project_budget, staff_id, program_name, evaluation_id, researcher_id, org_name, head_researcher, project_summary) values ('Big Project : Phase I', '2022-09-19', '2023-11-19',  648217, '592004101', 'Suspendisse Non Leo Institute', 86000, '84-6018143', 'Fadel, Brakus and Rowe','57-6036692' , 'In sagittis dui vel nisl. Duis ac nibh. Fusce lacus purus, aliquet at, feugiat non, pretium quis, lectus.');
insert into Project (project_title, project_start, project_end, project_budget, staff_id, program_name, evaluation_id, researcher_id, org_name, head_researcher, project_summary) values ('Big Project : Phase J', '2022-10-10', '2023-12-20',  915841, '592004101', 'Suspendisse Non Leo Institute', 63925, '84-6018143', 'Fadel, Brakus and Rowe','57-6036692' , 'In sagittis dui vel nisl. Duis ac nibh. Fusce lacus purus, aliquet at, feugiat non, pretium quis, lectus.');
insert into Project (project_title, project_start, project_end, project_budget, staff_id, program_name, evaluation_id, researcher_id, org_name, head_researcher, project_summary) values ('Big Project : Phase K', '2021-11-25', '2023-01-25',  505788, '592004101', 'Suspendisse Non Leo Institute', 74060, '84-6018143', 'Fadel, Brakus and Rowe','57-6036692' , 'In sagittis dui vel nisl. Duis ac nibh. Fusce lacus purus, aliquet at, feugiat non, pretium quis, lectus.');
insert into Project (project_title, project_start, project_end, project_budget, staff_id, program_name, evaluation_id, researcher_id, org_name, head_researcher, project_summary) values ('Big Project : Phase L', '2021-12-21', '2023-05-23',  628459, '592004101', 'Suspendisse Non Leo Institute', 93127, '84-6018143', 'Fadel, Brakus and Rowe','57-6036692' , 'In sagittis dui vel nisl. Duis ac nibh. Fusce lacus purus, aliquet at, feugiat non, pretium quis, lectus.');
insert into Project (project_title, project_start, project_end, project_budget, staff_id, program_name, evaluation_id, researcher_id, org_name, head_researcher, project_summary) values ('Big Project : Phase M', '2021-01-20', '2023-08-09',  603447, '399871778', 'Suspendisse Non Leo Institute', 31192, '81-0428271', 'Fadel, Brakus and Rowe','57-6036692' , 'In sagittis dui vel nisl. Duis ac nibh. Fusce lacus purus, aliquet at, feugiat non, pretium quis, lectus.');
insert into Project (project_title, project_start, project_end, project_budget, staff_id, program_name, evaluation_id, researcher_id, org_name, head_researcher, project_summary) values ('Big Project : Phase N', '2021-02-08', '2023-09-03',  219659, '399871778', 'Suspendisse Non Leo Institute', 71443, '81-0428271', 'Fadel, Brakus and Rowe','57-6036692' , 'In sagittis dui vel nisl. Duis ac nibh. Fusce lacus purus, aliquet at, feugiat non, pretium quis, lectus.');
insert into Project (project_title, project_start, project_end, project_budget, staff_id, program_name, evaluation_id, researcher_id, org_name, head_researcher, project_summary) values ('Big Project : Phase O', '2021-03-19', '2023-10-05',  889030, '399871778', 'Suspendisse Non Leo Institute', 34729, '81-0428271', 'Fadel, Brakus and Rowe','57-6036692' , 'In sagittis dui vel nisl. Duis ac nibh. Fusce lacus purus, aliquet at, feugiat non, pretium quis, lectus.');
insert into Project (project_title, project_start, project_end, project_budget, staff_id, program_name, evaluation_id, researcher_id, org_name, head_researcher, project_summary) values ('Big Project : Phase P', '2021-05-20', '2023-02-01',  504426, '399871778', 'Suspendisse Non Leo Institute', 23182, '81-0428271', 'Fadel, Brakus and Rowe','57-6036692' , 'In sagittis dui vel nisl. Duis ac nibh. Fusce lacus purus, aliquet at, feugiat non, pretium quis, lectus.');
insert into Project (project_title, project_start, project_end, project_budget, staff_id, program_name, evaluation_id, researcher_id, org_name, head_researcher, project_summary) values ('Big Project : Phase Q', '2021-08-12', '2023-05-02',  768105, '399871778', 'Suspendisse Non Leo Institute', 98812, '81-0428271', 'Fadel, Brakus and Rowe','57-6036692' , 'In sagittis dui vel nisl. Duis ac nibh. Fusce lacus purus, aliquet at, feugiat non, pretium quis, lectus.');
insert into Project (project_title, project_start, project_end, project_budget, staff_id, program_name, evaluation_id, researcher_id, org_name, head_researcher, project_summary) values ('Big Project : Phase R', '2021-10-11', '2023-06-04',  930787, '399871778', 'Suspendisse Non Leo Institute', 72885, '81-0428271', 'Fadel, Brakus and Rowe','57-6036692' , 'In sagittis dui vel nisl. Duis ac nibh. Fusce lacus purus, aliquet at, feugiat non, pretium quis, lectus.');


insert into Manages (org_name, project_title) values ('Fadel, Brakus and Rowe','Big Project : Phase A');
insert into Manages (org_name, project_title) values ('Fadel, Brakus and Rowe','Big Project : Phase B');
insert into Manages (org_name, project_title) values ('Fadel, Brakus and Rowe','Big Project : Phase C');
insert into Manages (org_name, project_title) values ('Fadel, Brakus and Rowe','Big Project : Phase D');
insert into Manages (org_name, project_title) values ('Fadel, Brakus and Rowe','Big Project : Phase E');
insert into Manages (org_name, project_title) values ('Fadel, Brakus and Rowe','Big Project : Phase F');
insert into Manages (org_name, project_title) values ('Fadel, Brakus and Rowe','Big Project : Phase G');
insert into Manages (org_name, project_title) values ('Fadel, Brakus and Rowe','Big Project : Phase H');
insert into Manages (org_name, project_title) values ('Fadel, Brakus and Rowe','Big Project : Phase I');
insert into Manages (org_name, project_title) values ('Fadel, Brakus and Rowe','Big Project : Phase J');
insert into Manages (org_name, project_title) values ('Fadel, Brakus and Rowe','Big Project : Phase K');
insert into Manages (org_name, project_title) values ('Fadel, Brakus and Rowe','Big Project : Phase L');
insert into Manages (org_name, project_title) values ('Fadel, Brakus and Rowe','Big Project : Phase M');
insert into Manages (org_name, project_title) values ('Fadel, Brakus and Rowe','Big Project : Phase N');
insert into Manages (org_name, project_title) values ('Fadel, Brakus and Rowe','Big Project : Phase O');
insert into Manages (org_name, project_title) values ('Fadel, Brakus and Rowe','Big Project : Phase P');
insert into Manages (org_name, project_title) values ('Fadel, Brakus and Rowe','Big Project : Phase Q');
insert into Manages (org_name, project_title) values ('Fadel, Brakus and Rowe','Big Project : Phase R');
insert into Manages (org_name, project_title) values ('Bednar, Anderson and Torp','X-find');
insert into Manages (org_name, project_title) values ('Kerluke Inc','Zathin');
insert into Manages (org_name, project_title) values ('Erdman-Nader','Opela');
insert into Manages (org_name, project_title) values ('Gislason-Leuschke','Y-find');
insert into Manages (org_name, project_title) values ('Weissnat-Nitzsche','Stronghold');
insert into Manages (org_name, project_title) values ('Huels-Bashirian','Konklux');
insert into Manages (org_name, project_title) values ('Mante, Krajcik and Klein','Home Ing');
insert into Manages (org_name, project_title) values ('Bahringer-Turner','Sonair');
insert into Manages (org_name, project_title) values ('Will LLC','Duobam');
insert into Manages (org_name, project_title) values ('Effertz-Hayes','Cardify');
insert into Manages (org_name, project_title) values ('Corkery and Sons','Konklab');
insert into Manages (org_name, project_title) values ('Gorczany, Corwin and Prosacco','Stringsoft');
insert into Manages (org_name, project_title) values ('Hahn-Breitenberg','Gembucket');
insert into Manages (org_name, project_title) values ('Reynolds, Rowe and Corwin','Tempsoft');
insert into Manages (org_name, project_title) values ('Casper, Steuber and Ullrich','Chelsea');
insert into Manages (org_name, project_title) values ('Deckow Inc','Overhold');
insert into Manages (org_name, project_title) values ('Stehr, Bechtelar and Thompson','Klan');
insert into Manages (org_name, project_title) values ('Gulgowski Group','Transcof');
insert into Manages (org_name, project_title) values ('Monahan Inc','Konami');
insert into Manages (org_name, project_title) values ('Koepp, Luettgen and Ratke','Subin');
insert into Manages (org_name, project_title) values ('Sawayn-Lakin','Westham');
insert into Manages (org_name, project_title) values ('Larson-Lindgren','Sub-Ex');
insert into Manages (org_name, project_title) values ('Berge-Kilback','Bitfox');
insert into Manages (org_name, project_title) values ('Nader-Sporer','LosSantos');
insert into Manages (org_name, project_title) values ('Schuppe-Schaefer','Bamity');
insert into Manages (org_name, project_title) values ('Lebsack Inc','Kanlam');
insert into Manages (org_name, project_title) values ('Hyatt, Krajcik and Hand','Fix San');
insert into Manages (org_name, project_title) values ('Marks Inc','Bitwolf');
insert into Manages (org_name, project_title) values ('Schamberger-Torp','Fintone');
insert into Manages (org_name, project_title) values ('Hilll, Klein and Bartell','Mat Lam Tam');
insert into Manages (org_name, project_title) values ('Gislason Inc','Exsub');
insert into Manages (org_name, project_title) values ('Klein, Grant and Rosenbaum','Zoolab');
insert into Manages (org_name, project_title) values ('Kiehn Group','Stim');
insert into Manages (org_name, project_title) values ('Rutherford, Leannon and Graham','Vagram');
insert into Manages (org_name, project_title) values ('Waelchi, Anderson and Zboncak','Veribet');
insert into Manages (org_name, project_title) values ('Padberg, Bergstrom and Gaylord','Nowrap');
insert into Manages (org_name, project_title) values ('Kertzmann, Funk and Bartoletti','Cone');
insert into Manages (org_name, project_title) values ('Muller, Williamson and Littel','Ventosanzap');
insert into Manages (org_name, project_title) values ('Rolfson, Lemke and Wilderman','Tin');
insert into Manages (org_name, project_title) values ('Fadel, Brakus and Rowe','Lotstring');
insert into Manages (org_name, project_title) values ('Bednar, Anderson and Torp','Acap');
insert into Manages (org_name, project_title) values ('Hilll, Klein and Bartell','Pannier');
insert into Manages (org_name, project_title) values ('Nader-Sporer','Rank');
insert into Manages (org_name, project_title) values ('Casper, Steuber and Ullrich','Prodder');
insert into Manages (org_name, project_title) values ('Will LLC','Cardguard');
insert into Manages (org_name, project_title) values ('Weissnat-Nitzsche','Stringtough');
insert into Manages (org_name, project_title) values ('Casper, Steuber and Ullrich','Wrapsafe');
insert into Manages (org_name, project_title) values ('Erdman-Nader','Bookichi');
insert into Manages (org_name, project_title) values ('Kerluke Inc','Daltfresh');
insert into Manages (org_name, project_title) values ('Fadel, Brakus and Rowe','Solarbreeze');


insert into Field_of_project (field_name, project_title) values ('Business Development','X-find');
insert into Field_of_project (field_name, project_title) values ('Business Development','Zathin');
insert into Field_of_project (field_name, project_title) values ('Business Development','Opela');
insert into Field_of_project (field_name, project_title) values ('Human Resources','Y-find');
insert into Field_of_project (field_name, project_title) values ('Human Resources','Stronghold');
insert into Field_of_project (field_name, project_title) values ('Human Resources','Konklux');
insert into Field_of_project (field_name, project_title) values ('Marketing' ,'Home Ing'); 
insert into Field_of_project (field_name, project_title) values ('Marketing','Sonair');
insert into Field_of_project (field_name, project_title) values ('Marketing','Duobam');
insert into Field_of_project (field_name, project_title) values ('Training','Cardify');
insert into Field_of_project (field_name, project_title) values ('Training','Konklab');
insert into Field_of_project (field_name, project_title) values ('Training','Stringsoft');
insert into Field_of_project (field_name, project_title) values ('Engineering' ,'Gembucket');
insert into Field_of_project (field_name, project_title) values ('Engineering','Tempsoft');
insert into Field_of_project (field_name, project_title) values ('Engineering','Chelsea');
insert into Field_of_project (field_name, project_title) values ('Engineering','Overhold');
insert into Field_of_project (field_name, project_title) values ('Accounting','Klan');
insert into Field_of_project (field_name, project_title) values ('Accounting' ,'Transcof');
insert into Field_of_project (field_name, project_title) values ('Product Management','Konami');
insert into Field_of_project (field_name, project_title) values ('Product Management','Subin');
insert into Field_of_project (field_name, project_title) values ('Product Management','Westham');
insert into Field_of_project (field_name, project_title) values ('Support','Sub-Ex');
insert into Field_of_project (field_name, project_title) values ('Support','Bitfox');
insert into Field_of_project (field_name, project_title) values ('Support' ,'LosSantos');
insert into Field_of_project (field_name, project_title) values ('Legal','Bamity');
insert into Field_of_project (field_name, project_title) values ('Legal','Kanlam');
insert into Field_of_project (field_name, project_title) values ('Legal','Fix San');
insert into Field_of_project (field_name, project_title) values ('Services','Bitwolf');
insert into Field_of_project (field_name, project_title) values ('Services','Fintone');
insert into Field_of_project (field_name, project_title) values ('Services','Mat Lam Tam');
insert into Field_of_project (field_name, project_title) values ('Research and Development','Exsub');
insert into Field_of_project (field_name, project_title) values ('Sales','Zoolab');
insert into Field_of_project (field_name, project_title) values ('Sales' ,'Stim');
insert into Field_of_project (field_name, project_title) values ('Sales','Vagram');
insert into Field_of_project (field_name, project_title) values ('Sales','Veribet');
insert into Field_of_project (field_name, project_title) values ('Sales','Nowrap');
insert into Field_of_project (field_name, project_title) values ('Media and communications','Cone');
insert into Field_of_project (field_name, project_title) values ('Media and communications','Ventosanzap');
insert into Field_of_project (field_name, project_title) values ('Media and communications','Tin');
insert into Field_of_project (field_name, project_title) values ('Social and economic geography','Lotstring');
insert into Field_of_project (field_name, project_title) values ('Social and economic geography','Acap');
insert into Field_of_project (field_name, project_title) values ('Social and economic geography','Pannier');
insert into Field_of_project (field_name, project_title) values ('Economies and Business','Rank');
insert into Field_of_project (field_name, project_title) values ('Economies and Business','Prodder');
insert into Field_of_project (field_name, project_title) values ('Economies and Business','Cardguard');
insert into Field_of_project (field_name, project_title) values ('Psychology','Stringtough');
insert into Field_of_project (field_name, project_title) values ('Psychology' ,'Wrapsafe');
insert into Field_of_project (field_name, project_title) values ('Psychology','Bookichi');
insert into Field_of_project (field_name, project_title) values ('Health Sciences','Daltfresh');
insert into Field_of_project (field_name, project_title) values ('Health Sciences','Solarbreeze');
insert into Field_of_project (field_name, project_title) values ('Health Sciences','X-find');
insert into Field_of_project (field_name, project_title) values ('History and Archaeology','Zathin');
insert into Field_of_project (field_name, project_title) values ('History and Archaeology','Opela');
insert into Field_of_project (field_name, project_title) values ('History and Archaeology','Y-find');
insert into Field_of_project (field_name, project_title) values ('Philosophy, Ethics and Religion','Stronghold');
insert into Field_of_project (field_name, project_title) values ('Philosophy, Ethics and Religion','Konklux');
insert into Field_of_project (field_name, project_title) values ('Philosophy, Ethics and Religion' ,'Home Ing');
insert into Field_of_project (field_name, project_title) values ('Philosophy, Ethics and Religion' ,'Sonair');
insert into Field_of_project (field_name, project_title) values ('Agricultural biotechnology','Duobam');
insert into Field_of_project (field_name, project_title) values ('Agricultural biotechnology','Cardify');
insert into Field_of_project (field_name, project_title) values ('Agricultural biotechnology','Konklab');
insert into Field_of_project (field_name, project_title) values ('Agricultural biotechnology','Stringsoft');
insert into Field_of_project (field_name, project_title) values ('Agriculture, Forestry, and Fisheries','Gembucket');
insert into Field_of_project (field_name, project_title) values ('Agriculture, Forestry, and Fisheries','Tempsoft');
insert into Field_of_project (field_name, project_title) values ('Agriculture, Forestry, and Fisheries','Chelsea');
insert into Field_of_project (field_name, project_title) values ('Agriculture, Forestry, and Fisheries' ,'Overhold');
insert into Field_of_project (field_name, project_title) values ('Medical biotechnology','Klan');
insert into Field_of_project (field_name, project_title) values ('Medical biotechnology','Transcof');
insert into Field_of_project (field_name, project_title) values ('Medical biotechnology','Konami');
insert into Field_of_project (field_name, project_title) values ('Medical biotechnology','Subin');
insert into Field_of_project (field_name, project_title) values ('Basic medicine','Westham');
insert into Field_of_project (field_name, project_title) values ('Basic medicine','Sub-Ex');
insert into Field_of_project (field_name, project_title) values ('Basic medicine','Bitfox');
insert into Field_of_project (field_name, project_title) values ('Basic medicine','LosSantos');
insert into Field_of_project (field_name, project_title) values ('Nano-technology','Bamity');
insert into Field_of_project (field_name, project_title) values ('Nano-technology','Kanlam');
insert into Field_of_project (field_name, project_title) values ('Nano-technology','Fix San');
insert into Field_of_project (field_name, project_title) values ('Nano-technology','Bitwolf');
insert into Field_of_project (field_name, project_title) values ('Industrial biotechnology','Fintone');
insert into Field_of_project (field_name, project_title) values ('Industrial biotechnology','Mat Lam Tam');
insert into Field_of_project (field_name, project_title) values ('Industrial biotechnology','Exsub');
insert into Field_of_project (field_name, project_title) values ('Environmental engineeriaterials engineering','Zoolab');
insert into Field_of_project (field_name, project_title) values ('Environmental engineeriaterials engineering','Stim');
insert into Field_of_project (field_name, project_title) values ('Environmental engineeriaterials engineering','Vagram');
insert into Field_of_project (field_name, project_title) values ('Environmental engineeriaterials engineering','Veribet');
insert into Field_of_project (field_name, project_title) values ('Environmental engineeriaterials engineering','Nowrap');
insert into Field_of_project (field_name, project_title) values ('Chemical engineerinng','Cone');
insert into Field_of_project (field_name, project_title) values ('Chemical engineerinng','Ventosanzap');
insert into Field_of_project (field_name, project_title) values ('Chemical engineerinng','Tin');
insert into Field_of_project (field_name, project_title) values ('Chemical engineerinng','Lotstring');
insert into Field_of_project (field_name, project_title) values ('Mg','Acap');
insert into Field_of_project (field_name, project_title) values ('Mg','Pannier');
insert into Field_of_project (field_name, project_title) values ('Electrical engineering','Rank');
insert into Field_of_project (field_name, project_title) values ('Electrical engineering','Prodder');
insert into Field_of_project (field_name, project_title) values ('Earth and related Environmental sciences','Cardguard');
insert into Field_of_project (field_name, project_title) values ('Earth and related Environmental sciences','Stringtough');
insert into Field_of_project (field_name, project_title) values ('Physical science' ,'Wrapsafe');
insert into Field_of_project (field_name, project_title) values ('Physical science','Bookichi');
insert into Field_of_project (field_name, project_title) values ('Computer and information sciences','Daltfresh');
insert into Field_of_project (field_name, project_title) values ('Computer and information sciences','Solarbreeze');

insert into Deliverables (project_title, deliverable_title, summary, delivery_date) values ('X-find',     'EIFS', 'Praesent blandit. Nam nulla. Integer pede justo, lacinia eget, tincidunt eget, tempus vel, pede.'                                                                                                                                                                                                                           , '2022-11-18');
insert into Deliverables (project_title, deliverable_title, summary, delivery_date) values ('Zathin',      'Overhead Doors', 'Praesent blandit. Nam nulla. Integer pede justo, lacinia eget, tincidunt eget, tempus vel, pede.'                                                                                                                                                                                                                    , '2022-07-18');
insert into Deliverables (project_title, deliverable_title, summary, delivery_date) values ('Opela',     'Ornamental Railings', 'Phasellus sit amet erat. Nulla tempus. Vivamus in felis eu sapien cursus vestibulum.'                                                                                                                                                                                                                       , '2022-01-19');
insert into Deliverables (project_title, deliverable_title, summary, delivery_date) values ('Y-find',    'Sitework & Site Utilities', 'Nullam sit amet turpis elementum ligula vehicula consequat. Morbi a ipsum. Integer a nibh.'                                                                                                                                                                                                           , '2022-06-09');
insert into Deliverables (project_title, deliverable_title, summary, delivery_date) values ('Stronghold','Exterior Signage', 'In sagittis dui vel nisl. Duis ac nibh. Fusce lacus purus, aliquet at, feugiat non, pretium quis, lectus.'                                                                                                                                                                                                     , '2022-12-12');
insert into Deliverables (project_title, deliverable_title, summary, delivery_date) values ('Konklux',    'Granite Surfaces', 'Proin leo odio, porttitor id, consequat in, consequat ut, nulla. Sed accumsan felis. Ut at dolor quis odio consequat varius.'                                                                                                                                                                                 , '2022-10-01');
insert into Deliverables (project_title, deliverable_title, summary, delivery_date) values ('Home Ing',  'Landscaping & Irrigation', 'Quisque id justo sit amet sapien dignissim vestibulum. Vestibulum ante ipsum primis in faucibus orci luctus et ultrices posuere cubilia Curae; Nulla dapibus dolor vel est. Donec odio justo, sollicitudin ut, suscipit a, feugiat et, eros.'                                                          , '2022-11-21');
insert into Deliverables (project_title, deliverable_title, summary, delivery_date) values ('Sonair',         'Wall Protection', 'In hac habitasse platea dictumst. Morbi vestibulum, velit id pretium iaculis, diam erat fermentum justo, nec condimentum neque sapien placerat ante. Nulla justo.'                                                                                                                                                 , '2022-12-23');
insert into Deliverables (project_title, deliverable_title, summary, delivery_date) values ('Duobam',    'Curb & Gutter', 'Quisque porta volutpat erat. Quisque erat eros, viverra eget, congue eget, semper rutrum, nulla. Nunc purus.'                                                                                                                                                                                                       , '2022-05-24');
insert into Deliverables (project_title, deliverable_title, summary, delivery_date) values ('Cardify',   'RF Shielding', 'Maecenas leo odio, condimentum id, luctus nec, molestie sed, justo. Pellentesque viverra pede ac diam. Cras pellentesque volutpat dui.'                                                                                                                                                                              , '2022-10-22');
insert into Deliverables (project_title, deliverable_title, summary, delivery_date) values ('Konklab',    'EIFS', 'Quisque id justo sit amet sapien dignissim vestibulum. Vestibulum ante ipsum primis in faucibus orci luctus et ultrices posuere cubilia Curae; Nulla dapibus dolor vel est. Donec odio justo, sollicitudin ut, suscipit a, feugiat et, eros.'                                                                                 , '2022-04-15');
insert into Deliverables (project_title, deliverable_title, summary, delivery_date) values ('Stringsoft',  'Waterproofing & Caulking', 'Etiam vel augue. Vestibulum rutrum rutrum neque. Aenean auctor gravida sem.'                                                                                                                                                                                                                              , '2022-11-11');
insert into Deliverables (project_title, deliverable_title, summary, delivery_date) values ('Gembucket',    'Waterproofing & Caulking', 'Donec diam neque, vestibulum eget, vulputate ut, ultrices vel, augue. Vestibulum ante ipsum primis in faucibus orci luctus et ultrices posuere cubilia Curae; Donec pharetra, magna vestibulum aliquet ultrices, erat tortor sollicitudin mi, sit amet lobortis sapien sapien non mi. Integer ac neque.'  , '2022-04-19');
insert into Deliverables (project_title, deliverable_title, summary, delivery_date) values ('Tempsoft',     'Plumbing & Medical Gas', 'Quisque porta volutpat erat. Quisque erat eros, viverra eget, congue eget, semper rutrum, nulla. Nunc purus.'                                                                                                                                                                                             , '2022-09-15');
insert into Deliverables (project_title, deliverable_title, summary, delivery_date) values ('Chelsea',      'Structural & Misc Steel Erection', 'Mauris enim leo, rhoncus sed, vestibulum sit amet, cursus id, turpis. Integer aliquet, massa id lobortis convallis, tortor risus dapibus augue, vel accumsan tellus nisi eu orci. Mauris lacinia sapien quis libero.'                                                                           , '2022-09-29');
insert into Deliverables (project_title, deliverable_title, summary, delivery_date) values ('Overhold',         'Wall Protection', 'Pellentesque at nulla. Suspendisse potenti. Cras in purus eu magna vulputate luctus.'                                                                                                                                                                                                                              , '2022-01-26');
insert into Deliverables (project_title, deliverable_title, summary, delivery_date) values ('Klan',          'Epoxy Flooring', 'Cum sociis natoque penatibus et magnis dis parturient montes, nascetur ridiculus mus. Vivamus vestibulum sagittis sapien. Cum sociis natoque penatibus et magnis dis parturient montes, nascetur ridiculus mus.'                                                                                                   , '2022-09-05');
insert into Deliverables (project_title, deliverable_title, summary, delivery_date) values ('Transcof',   'Structural and Misc Steel (Fabrication)', 'Aenean fermentum. Donec ut mauris eget massa tempor convallis. Nulla neque libero, convallis eget, eleifend luctus, ultricies eu, nibh.'                                                                                                                                                   , '2022-04-08');
insert into Deliverables (project_title, deliverable_title, summary, delivery_date) values ('Konami',       'Asphalt Paving', 'Fusce posuere felis sed lacus. Morbi sem mauris, laoreet ut, rhoncus aliquet, pulvinar sed, nisl. Nunc rhoncus dui vel sem.'                                                                                                                                                                                      , '2022-07-19');
insert into Deliverables (project_title, deliverable_title, summary, delivery_date) values ('Subin',      'Overhead Doors', 'Quisque id justo sit amet sapien dignissim vestibulum. Vestibulum ante ipsum primis in faucibus orci luctus et ultrices posuere cubilia Curae; Nulla dapibus dolor vel est. Donec odio justo, sollicitudin ut, suscipit a, feugiat et, eros.'                                                                       , '2022-10-01');
insert into Deliverables (project_title, deliverable_title, summary, delivery_date) values ('Westham',      'RF Shielding', 'Fusce consequat. Nulla nisl. Nunc nisl.'                                                                                                                                                                                                                                                                           , '2022-10-05');
insert into Deliverables (project_title, deliverable_title, summary, delivery_date) values ('Sub-Ex',       'Roofing (Asphalt)', 'Curabitur at ipsum ac tellus semper interdum. Mauris ullamcorper purus sit amet nulla. Quisque arcu libero, rutrum ac, lobortis vel, dapibus at, diam.'                                                                                                                                                          , '2022-11-13');
insert into Deliverables (project_title, deliverable_title, summary, delivery_date) values ('Bitfox',         'Granite Surfaces', 'Maecenas tristique, est et tempus semper, est quam pharetra magna, ac consequat metus sapien ut nunc. Vestibulum ante ipsum primis in faucibus orci luctus et ultrices posuere cubilia Curae; Mauris viverra diam vitae quam. Suspendisse potenti.'                                                           , '2022-08-02');
insert into Deliverables (project_title, deliverable_title, summary, delivery_date) values ('LosSantos',    'Roofing (Metal)', 'Proin leo odio, porttitor id, consequat in, consequat ut, nulla. Sed accumsan felis. Ut at dolor quis odio consequat varius.'                                                                                                                                                                                     , '2022-04-24');
insert into Deliverables (project_title, deliverable_title, summary, delivery_date) values ('Bamity',       'Fire Protection', 'Nullam sit amet turpis elementum ligula vehicula consequat. Morbi a ipsum. Integer a nibh.'                                                                                                                                                                                                                       , '2022-03-05');
insert into Deliverables (project_title, deliverable_title, summary, delivery_date) values ('Kanlam',           'Structural & Misc Steel Erection', 'Maecenas ut massa quis augue luctus tincidunt. Nulla mollis molestie lorem. Quisque ut erat.'                                                                                                                                                                                                     , '2022-01-15');
insert into Deliverables (project_title, deliverable_title, summary, delivery_date) values ('Fix San',          'Construction Clean and Final Clean', 'Proin leo odio, porttitor id, consequat in, consequat ut, nulla. Sed accumsan felis. Ut at dolor quis odio consequat varius.'                                                                                                                                                                  , '2022-04-24');
insert into Deliverables (project_title, deliverable_title, summary, delivery_date) values ('Bitwolf',         'Curb & Gutter', 'In hac habitasse platea dictumst. Morbi vestibulum, velit id pretium iaculis, diam erat fermentum justo, nec condimentum neque sapien placerat ante. Nulla justo.'                                                                                                                                              , '2022-03-15');
insert into Deliverables (project_title, deliverable_title, summary, delivery_date) values ('Fintone',        'Fire Sprinkler System', 'Proin interdum mauris non ligula pellentesque ultrices. Phasellus id sapien in sapien iaculis congue. Vivamus metus arcu, adipiscing molestie, hendrerit at, vulputate vitae, nisl.'                                                                                                                           , '2022-05-21');
insert into Deliverables (project_title, deliverable_title, summary, delivery_date) values ('Mat Lam Tam',     'Roofing (Metal)', 'Aenean lectus. Pellentesque eget nunc. Donec quis orci eget orci vehicula condimentum.'                                                                                                                                                                                                                         , '2022-09-04');
insert into Deliverables (project_title, deliverable_title, summary, delivery_date) values ('Exsub',        'Sitework & Site Utilities', 'Curabitur at ipsum ac tellus semper interdum. Mauris ullamcorper purus sit amet nulla. Quisque arcu libero, rutrum ac, lobortis vel, dapibus at, diam.'                                                                                                                                                   , '2015-10-31');
insert into Deliverables (project_title, deliverable_title, summary, delivery_date) values ('Zoolab',       'Drilled Shafts', 'Curabitur in libero ut massa volutpat convallis. Morbi odio odio, elementum eu, interdum eu, tincidunt in, leo. Maecenas pulvinar lobortis est.'                                                                                                                                                                   , '2015-01-07');
insert into Deliverables (project_title, deliverable_title, summary, delivery_date) values ('Stim',         'Site Furnishings', 'Maecenas tristique, est et tempus semper, est quam pharetra magna, ac consequat metus sapien ut nunc. Vestibulum ante ipsum primis in faucibus orci luctus et ultrices posuere cubilia Curae; Mauris viverra diam vitae quam. Suspendisse potenti.'                                                               , '2015-07-14');
insert into Deliverables (project_title, deliverable_title, summary, delivery_date) values ('Vagram',       'Doors, Frames & Hardware', 'Nullam porttitor lacus at turpis. Donec posuere metus vitae ipsum. Aliquam non mauris.'                                                                                                                                                                                                                      , '2015-06-19');
insert into Deliverables (project_title, deliverable_title, summary, delivery_date) values ('Veribet',      'Elevator', 'Curabitur in libero ut massa volutpat convallis. Morbi odio odio, elementum eu, interdum eu, tincidunt in, leo. Maecenas pulvinar lobortis est.'                                                                                                                                                                        , '2015-11-02');
insert into Deliverables (project_title, deliverable_title, summary, delivery_date) values ('Nowrap',       'Retaining Wall and Brick Pavers', 'Cum sociis natoque penatibus et magnis dis parturient montes, nascetur ridiculus mus. Vivamus vestibulum sagittis sapien. Cum sociis natoque penatibus et magnis dis parturient montes, nascetur ridiculus mus.'                                                                                  , '2015-01-18');
insert into Deliverables (project_title, deliverable_title, summary, delivery_date) values ('Cone',         'Granite Surfaces', 'In sagittis dui vel nisl. Duis ac nibh. Fusce lacus purus, aliquet at, feugiat non, pretium quis, lectus.'                                                                                                                                                                                                      , '2015-11-17');
insert into Deliverables (project_title, deliverable_title, summary, delivery_date) values ('Ventosanzap',   'Fire Sprinkler System', 'In hac habitasse platea dictumst. Etiam faucibus cursus urna. Ut tellus.'                                                                                                                                                                                                                                    , '2015-11-05');
insert into Deliverables (project_title, deliverable_title, summary, delivery_date) values ('Tin',          'Framing (Steel)', 'Proin eu mi. Nulla ac enim. In tempor, turpis nec euismod scelerisque, quam turpis adipiscing lorem, vitae mattis nibh ligula nec sem.'                                                                                                                                                                            , '2015-01-15');
insert into Deliverables (project_title, deliverable_title, summary, delivery_date) values ('Lotstring',    'Soft Flooring and Base', 'Maecenas tristique, est et tempus semper, est quam pharetra magna, ac consequat metus sapien ut nunc. Vestibulum ante ipsum primis in faucibus orci luctus et ultrices posuere cubilia Curae; Mauris viverra diam vitae quam. Suspendisse potenti.'                                                         , '2015-12-16');
insert into Deliverables (project_title, deliverable_title, summary, delivery_date) values ('Acap',         'Fire Protection', 'Aenean lectus. Pellentesque eget nunc. Donec quis orci eget orci vehicula condimentum.'                                                                                                                                                                                                                              , '2015-09-10');
insert into Deliverables (project_title, deliverable_title, summary, delivery_date) values ('Pannier',      'Retaining Wall and Brick Pavers', 'Pellentesque at nulla. Suspendisse potenti. Cras in purus eu magna vulputate luctus.'                                                                                                                                                                                                               , '2015-02-23');
insert into Deliverables (project_title, deliverable_title, summary, delivery_date) values ('Rank',         'Drilled Shafts', 'Etiam vel augue. Vestibulum rutrum rutrum neque. Aenean auctor gravida sem.'                                                                                                                                                                                                                                        , '2015-06-04');
insert into Deliverables (project_title, deliverable_title, summary, delivery_date) values ('Prodder',      'Masonry & Precast', 'Curabitur in libero ut massa volutpat convallis. Morbi odio odio, elementum eu, interdum eu, tincidunt in, leo. Maecenas pulvinar lobortis est.'                                                                                                                                                                 , '2015-09-08');
insert into Deliverables (project_title, deliverable_title, summary, delivery_date) values ('Cardguard',    'Elevator', 'Nulla ut erat id mauris vulputate elementum. Nullam varius. Nulla facilisi.'                                                                                                                                                                                                                                            , '2015-03-16');
insert into Deliverables (project_title, deliverable_title, summary, delivery_date) values ('Stringtough',   'Waterproofing & Caulking', 'Maecenas ut massa quis augue luctus tincidunt. Nulla mollis molestie lorem. Quisque ut erat.'                                                                                                                                                                                                             , '2015-02-19');
insert into Deliverables (project_title, deliverable_title, summary, delivery_date) values ('Wrapsafe',     'Temp Fencing, Decorative Fencing and Gates', 'Nulla ut erat id mauris vulputate elementum. Nullam varius. Nulla facilisi.'                                                                                                                                                                                                            , '2015-11-10');
insert into Deliverables (project_title, deliverable_title, summary, delivery_date) values ('Bookichi',     'Sitework & Site Utilities', 'Duis consequat dui nec nisi volutpat eleifend. Donec ut dolor. Morbi vel lectus in quam fringilla rhoncus.'                                                                                                                                                                                            , '2015-05-09');
insert into Deliverables (project_title, deliverable_title, summary, delivery_date) values ('Daltfresh',    'Roofing (Asphalt)', 'Mauris enim leo, rhoncus sed, vestibulum sit amet, cursus id, turpis. Integer aliquet, massa id lobortis convallis, tortor risus dapibus augue, vel accumsan tellus nisi eu orci. Mauris lacinia sapien quis libero.'                                                                                            , '2015-10-08');
insert into Deliverables (project_title, deliverable_title, summary, delivery_date) values ('Solarbreeze',   'Elevator', 'Vestibulum ac est lacinia nisi venenatis tristique. Fusce congue, diam id ornare imperdiet, sapien urna pretium nisl, ut volutpat sapien arcu sed augue. Aliquam erat volutpat.'                                                                                                                                         , '2015-05-24');


insert into Evaluates (evaluation_id, researcher_id) values (12929, '32-0034181');
insert into Evaluates (evaluation_id, researcher_id) values (22920, '34-9272947');
insert into Evaluates (evaluation_id, researcher_id) values (96049, '06-3664612');
insert into Evaluates (evaluation_id, researcher_id) values (42365, '57-6036692');
insert into Evaluates (evaluation_id, researcher_id) values (71206, '18-8521574');
insert into Evaluates (evaluation_id, researcher_id) values (55827, '10-1959937');
insert into Evaluates (evaluation_id, researcher_id) values (54452, '42-6137875');
insert into Evaluates (evaluation_id, researcher_id) values (55912, '65-7208996');
insert into Evaluates (evaluation_id, researcher_id) values (36924, '23-3608106');
insert into Evaluates (evaluation_id, researcher_id) values (42093, '66-0250036');
insert into Evaluates (evaluation_id, researcher_id) values (35347, '57-6371563');
insert into Evaluates (evaluation_id, researcher_id) values (85233, '58-5184645');
insert into Evaluates (evaluation_id, researcher_id) values (17567, '44-3851266');
insert into Evaluates (evaluation_id, researcher_id) values (58357, '90-5610707');
insert into Evaluates (evaluation_id, researcher_id) values (89954, '73-0598174');
insert into Evaluates (evaluation_id, researcher_id) values (36610, '61-5686409');
insert into Evaluates (evaluation_id, researcher_id) values (28539, '82-3866938');
insert into Evaluates (evaluation_id, researcher_id) values (48409, '75-3367468');
insert into Evaluates (evaluation_id, researcher_id) values (82382, '96-1336721');
insert into Evaluates (evaluation_id, researcher_id) values (71535, '56-2153184');
insert into Evaluates (evaluation_id, researcher_id) values (28053, '76-3260093');
insert into Evaluates (evaluation_id, researcher_id) values (66330, '09-0218370');
insert into Evaluates (evaluation_id, researcher_id) values (45353, '27-4987637');
insert into Evaluates (evaluation_id, researcher_id) values (56316, '52-4418450');
insert into Evaluates (evaluation_id, researcher_id) values (18938, '21-5487477');
insert into Evaluates (evaluation_id, researcher_id) values (79933, '28-6275478');
insert into Evaluates (evaluation_id, researcher_id) values (72404, '58-8532721');
insert into Evaluates (evaluation_id, researcher_id) values (26748, '85-9789264');
insert into Evaluates (evaluation_id, researcher_id) values (17524, '59-7382728');
insert into Evaluates (evaluation_id, researcher_id) values (92245, '37-1732363');
insert into Evaluates (evaluation_id, researcher_id) values (13967, '86-1391116');
insert into Evaluates (evaluation_id, researcher_id) values (98393, '49-3336363');
insert into Evaluates (evaluation_id, researcher_id) values (56106, '75-4457670');
insert into Evaluates (evaluation_id, researcher_id) values (65782, '65-3301338');
insert into Evaluates (evaluation_id, researcher_id) values (30052, '44-5730907');
insert into Evaluates (evaluation_id, researcher_id) values (81503, '80-3377595');
insert into Evaluates (evaluation_id, researcher_id) values (96895, '04-1434235');
insert into Evaluates (evaluation_id, researcher_id) values (40101, '56-1151228');
insert into Evaluates (evaluation_id, researcher_id) values (43506, '91-2314903');
insert into Evaluates (evaluation_id, researcher_id) values (42092, '84-6018143');
insert into Evaluates (evaluation_id, researcher_id) values (17680, '26-3543581');
insert into Evaluates (evaluation_id, researcher_id) values (36280, '79-5290438');
insert into Evaluates (evaluation_id, researcher_id) values (50811, '56-7923899');
insert into Evaluates (evaluation_id, researcher_id) values (85793, '79-5290438');
insert into Evaluates (evaluation_id, researcher_id) values (56019, '02-8485718');
insert into Evaluates (evaluation_id, researcher_id) values (12847, '31-3151845');
insert into Evaluates (evaluation_id, researcher_id) values (66055, '89-1989742');
insert into Evaluates (evaluation_id, researcher_id) values (65830, '01-7655902');
insert into Evaluates (evaluation_id, researcher_id) values (91649, '54-1107828');
insert into Evaluates (evaluation_id, researcher_id) values (25026, '81-0428271');


insert into Works_for (project_title, researcher_id) values ('X-find', '21-5487477');
insert into Works_for (project_title, researcher_id) values ('Zathin', '28-2420815');
insert into Works_for (project_title, researcher_id) values ('Opela', '81-7250081');   
insert into Works_for (project_title, researcher_id) values ('Y-find', '97-0436904');    
insert into Works_for (project_title, researcher_id) values ('Stronghold', '27-0538620');
insert into Works_for (project_title, researcher_id) values ('Konklux', '58-2347723');   
insert into Works_for (project_title, researcher_id) values ('Home Ing', '76-7942650');  
insert into Works_for (project_title, researcher_id) values ('Sonair', '78-4804464');    
insert into Works_for (project_title, researcher_id) values ('Duobam', '06-1291568');   
insert into Works_for (project_title, researcher_id) values ('Cardify', '13-6264661');   
insert into Works_for (project_title, researcher_id) values ('Konklab', '22-1694211');   
insert into Works_for (project_title, researcher_id) values ('Stringsoft', '75-4154089');
insert into Works_for (project_title, researcher_id) values ('Gembucket', '66-8061670'); 
insert into Works_for (project_title, researcher_id) values ('Tempsoft', '73-5716870');  
insert into Works_for (project_title, researcher_id) values ('Chelsea', '14-5638676');   
insert into Works_for (project_title, researcher_id) values ('Overhold', '65-1137987');  
insert into Works_for (project_title, researcher_id) values ('Klan', '35-8449691');      
insert into Works_for (project_title, researcher_id) values ('Transcof', '41-0559392');  
insert into Works_for (project_title, researcher_id) values ('Konami', '47-3388341');    
insert into Works_for (project_title, researcher_id) values ('Subin', '30-1311536');     
insert into Works_for (project_title, researcher_id) values ('Westham', '07-1834817');   
insert into Works_for (project_title, researcher_id) values ('Sub-Ex', '54-1107828');    
insert into Works_for (project_title, researcher_id) values ('Bitfox', '52-4418450');    
insert into Works_for (project_title, researcher_id) values ('LosSantos', '85-9789264'); 
insert into Works_for (project_title, researcher_id) values ('Bamity', '37-1732363');    
insert into Works_for (project_title, researcher_id) values ('Kanlam', '49-3336363');    
insert into Works_for (project_title, researcher_id) values ('Fix San', '44-5730907');   
insert into Works_for (project_title, researcher_id) values ('Bitwolf', '32-0034181');   
insert into Works_for (project_title, researcher_id) values ('Fintone', '02-8485718');   
insert into Works_for (project_title, researcher_id) values ('Mat Lam Tam','56-7923899');
insert into Works_for (project_title, researcher_id) values ('Exsub', '26-3543581');     
insert into Works_for (project_title, researcher_id) values ('Zoolab', '91-2314903');    
insert into Works_for (project_title, researcher_id) values ('Stim', '96-1336721');      
insert into Works_for (project_title, researcher_id) values ('Vagram', '82-3866938');    
insert into Works_for (project_title, researcher_id) values ('Veribet', '73-0598174');   
insert into Works_for (project_title, researcher_id) values ('Nowrap', '58-5184645');    
insert into Works_for (project_title, researcher_id) values ('Cone', '23-3608106');      
insert into Works_for (project_title, researcher_id) values ('Ventosanzap','76-3260093');
insert into Works_for (project_title, researcher_id) values ('Tin', '42-6137875');       
insert into Works_for (project_title, researcher_id) values ('Lotstring', '18-8521574'); 
insert into Works_for (project_title, researcher_id) values ('Acap', '28-6275478'); 
insert into Works_for (project_title, researcher_id) values ('Acap', '21-5487477');     
insert into Works_for (project_title, researcher_id) values ('Pannier', '79-5290438');   
insert into Works_for (project_title, researcher_id) values ('Rank', '59-7382728');      
insert into Works_for (project_title, researcher_id) values ('Prodder', '13-4169183');   
insert into Works_for (project_title, researcher_id) values ('Cardguard', '94-3082451'); 
insert into Works_for (project_title, researcher_id) values ('Stringtough','21-4896133');
insert into Works_for (project_title, researcher_id) values ('Wrapsafe', '04-2727589');  
insert into Works_for (project_title, researcher_id) values ('Bookichi', '44-8992806');  
insert into Works_for (project_title, researcher_id) values ('Daltfresh', '67-9990754'); 
insert into Works_for (project_title, researcher_id) values ('Solarbreeze','57-6036692');
insert into Works_for (project_title, researcher_id) values ('Y-find', '65-5493124');
insert into Works_for (project_title, researcher_id) values ('Y-find', '04-2333861');
insert into Works_for (project_title, researcher_id) values ('Opela', '22-4783939');    
insert into Works_for (project_title, researcher_id) values ('Stringsoft', '48-4736123');
insert into Works_for (project_title, researcher_id) values ('Konklux', '75-6076537');   
insert into Works_for (project_title, researcher_id) values ('Home Ing', '39-4440676');  
insert into Works_for (project_title, researcher_id) values ('Sonair', '26-3877947');    
insert into Works_for (project_title, researcher_id) values ('Gembucket', '90-7164353');   
insert into Works_for (project_title, researcher_id) values ('Cardify', '42-1765025');   
insert into Works_for (project_title, researcher_id) values ('Konklab', '54-4784310');   
insert into Works_for (project_title, researcher_id) values ('Stringsoft', '59-2799946');
insert into Works_for (project_title, researcher_id) values ('Gembucket', '19-1421961'); 
insert into Works_for (project_title, researcher_id) values ('Tempsoft', '25-9679535');  
insert into Works_for (project_title, researcher_id) values ('Klan', '99-8658179');   
insert into Works_for (project_title, researcher_id) values ('Overhold', '33-2577532');  
insert into Works_for (project_title, researcher_id) values ('Klan', '94-6898825');      
insert into Works_for (project_title, researcher_id) values ('Transcof', '83-4471684');  
insert into Works_for (project_title, researcher_id) values ('Konami', '41-5951956');    
insert into Works_for (project_title, researcher_id) values ('Subin', '98-3729080');     
insert into Works_for (project_title, researcher_id) values ('Westham', '70-9210106');   
insert into Works_for (project_title, researcher_id) values ('Sub-Ex', '01-7655902');    
insert into Works_for (project_title, researcher_id) values ('Bitfox', '06-3664612');    
insert into Works_for (project_title, researcher_id) values ('LosSantos', '34-9272947'); 
insert into Works_for (project_title, researcher_id) values ('Bamity', '86-1391116');    
insert into Works_for (project_title, researcher_id) values ('Kanlam', '75-4457670');    
insert into Works_for (project_title, researcher_id) values ('Fix San', '80-3377595');   
insert into Works_for (project_title, researcher_id) values ('Bitwolf', '89-1989742');   
insert into Works_for (project_title, researcher_id) values ('Fintone', '80-2962225');   
insert into Works_for (project_title, researcher_id) values ('Tempsoft', '12-0612059');
insert into Works_for (project_title, researcher_id) values ('Exsub', '84-6018143');     
insert into Works_for (project_title, researcher_id) values ('Zoolab', '56-2153184');    
insert into Works_for (project_title, researcher_id) values ('Stim', '61-5686409');      
insert into Works_for (project_title, researcher_id) values ('Vagram', '75-3367468');    
insert into Works_for (project_title, researcher_id) values ('Veribet', '90-5610707');   
insert into Works_for (project_title, researcher_id) values ('Nowrap', '57-6371563');    
insert into Works_for (project_title, researcher_id) values ('Cone', '65-7208996');     
insert into Works_for (project_title, researcher_id) values ('Ventosanzap', '56-1151228');
insert into Works_for (project_title, researcher_id) values ('Tin', '10-1959937');       
insert into Works_for (project_title, researcher_id) values ('Lotstring', '27-4987637'); 
insert into Works_for (project_title, researcher_id) values ('Transcof', '01-7958373');     
insert into Works_for (project_title, researcher_id) values ('Transcof', '66-6865693');   
insert into Works_for (project_title, researcher_id) values ('Subin', '72-0113775');      
insert into Works_for (project_title, researcher_id) values ('Westham', '81-0428271');   
insert into Works_for (project_title, researcher_id) values ('Bitfox', '58-8532721'); 
insert into Works_for (project_title, researcher_id) values ('Kanlam', '65-3301338');
insert into Works_for (project_title, researcher_id) values ('Bitwolf', '31-3151845');  
insert into Works_for (project_title, researcher_id) values ('Veribet', '44-3851266');  
insert into Works_for (project_title, researcher_id) values ('Nowrap', '66-0250036'); 
insert into Works_for (project_title, researcher_id) values ('Cone', '09-0218370');
insert into Works_for (project_title, researcher_id) values ('Ventosanzap', '04-1434235');
insert into Works_for (project_title, researcher_id) values ('Big Project : Phase A', '57-6036692');    
insert into Works_for (project_title, researcher_id) values ('Big Project : Phase B', '57-6036692');   
insert into Works_for (project_title, researcher_id) values ('Big Project : Phase C', '57-6036692');    
insert into Works_for (project_title, researcher_id) values ('Big Project : Phase D', '57-6036692');     
insert into Works_for (project_title, researcher_id) values ('Big Project : Phase E', '57-6036692');
insert into Works_for (project_title, researcher_id) values ('Big Project : Phase F', '57-6036692');       
insert into Works_for (project_title, researcher_id) values ('Big Project : Phase G', '57-6036692'); 
insert into Works_for (project_title, researcher_id) values ('Big Project : Phase H', '27-4987637');     
insert into Works_for (project_title, researcher_id) values ('Big Project : Phase I', '27-4987637');   
insert into Works_for (project_title, researcher_id) values ('Big Project : Phase J', '27-4987637');      
insert into Works_for (project_title, researcher_id) values ('Big Project : Phase K', '27-4987637');   
insert into Works_for (project_title, researcher_id) values ('Big Project : Phase L', '27-4987637'); 
insert into Works_for (project_title, researcher_id) values ('Big Project : Phase M', '27-4987637');
insert into Works_for (project_title, researcher_id) values ('Big Project : Phase N', '57-6036692');  
insert into Works_for (project_title, researcher_id) values ('Big Project : Phase O', '57-6036692');  
insert into Works_for (project_title, researcher_id) values ('Big Project : Phase P', '57-6036692'); 
insert into Works_for (project_title, researcher_id) values ('Big Project : Phase Q', '27-4987637');
insert into Works_for (project_title, researcher_id) values ('Big Project : Phase R', '27-4987637');
insert into Works_for (project_title, researcher_id) values ('Big Project : Phase A', '18-8521574');    
insert into Works_for (project_title, researcher_id) values ('Big Project : Phase B', '18-8521574');   
insert into Works_for (project_title, researcher_id) values ('Big Project : Phase C', '18-8521574');    
insert into Works_for (project_title, researcher_id) values ('Big Project : Phase D', '18-8521574');     
insert into Works_for (project_title, researcher_id) values ('Big Project : Phase E', '18-8521574');
insert into Works_for (project_title, researcher_id) values ('Big Project : Phase F', '18-8521574');       
insert into Works_for (project_title, researcher_id) values ('Big Project : Phase G', '18-8521574'); 
insert into Works_for (project_title, researcher_id) values ('Big Project : Phase H', '18-8521574');     
insert into Works_for (project_title, researcher_id) values ('Big Project : Phase I', '18-8521574');   
insert into Works_for (project_title, researcher_id) values ('Big Project : Phase J', '18-8521574');      
insert into Works_for (project_title, researcher_id) values ('Big Project : Phase K', '18-8521574');   
insert into Works_for (project_title, researcher_id) values ('Big Project : Phase L', '18-8521574'); 
insert into Works_for (project_title, researcher_id) values ('Big Project : Phase M', '18-8521574');
insert into Works_for (project_title, researcher_id) values ('Big Project : Phase N', '18-8521574');  
insert into Works_for (project_title, researcher_id) values ('Big Project : Phase O', '18-8521574');  
insert into Works_for (project_title, researcher_id) values ('Big Project : Phase P', '18-8521574'); 
insert into Works_for (project_title, researcher_id) values ('Big Project : Phase Q', '18-8521574');
insert into Works_for (project_title, researcher_id) values ('Big Project : Phase R', '18-8521574');




insert into Telephones (org_name, telephone_numbers) values ('Bednar, Anderson and Torp', '480-608-2537');
insert into Telephones (org_name, telephone_numbers) values ('Fadel, Brakus and Rowe', '527-510-3873');
insert into Telephones (org_name, telephone_numbers) values ('Rolfson, Lemke and Wilderman', '368-116-0795');
insert into Telephones (org_name, telephone_numbers) values ('Muller, Williamson and Littel', '940-179-1351');
insert into Telephones (org_name, telephone_numbers) values ('Kertzmann, Funk and Bartoletti', '622-621-0365');
insert into Telephones (org_name, telephone_numbers) values ('Padberg, Bergstrom and Gaylord', '297-274-4517');
insert into Telephones (org_name, telephone_numbers) values ('Waelchi, Anderson and Zboncak', '159-938-5150');
insert into Telephones (org_name, telephone_numbers) values ('Rutherford, Leannon and Graham', '618-317-8072');
insert into Telephones (org_name, telephone_numbers) values ('Kiehn Group', '328-446-1300');
insert into Telephones (org_name, telephone_numbers) values ('Klein, Grant and Rosenbaum', '423-774-0779');
insert into Telephones (org_name, telephone_numbers) values ('Gislason Inc', '566-858-0968');
insert into Telephones (org_name, telephone_numbers) values ('Hilll, Klein and Bartell', '165-212-1715');
insert into Telephones (org_name, telephone_numbers) values ('Schamberger-Torp', '795-420-6280');
insert into Telephones (org_name, telephone_numbers) values ('Marks Inc', '930-199-2419');
insert into Telephones (org_name, telephone_numbers) values ('Hyatt, Krajcik and Hand', '166-417-7162');
insert into Telephones (org_name, telephone_numbers) values ('Lebsack Inc', '355-474-9903');
insert into Telephones (org_name, telephone_numbers) values ('Schuppe-Schaefer', '849-900-8781');
insert into Telephones (org_name, telephone_numbers) values ('Nader-Sporer', '796-273-6660');
insert into Telephones (org_name, telephone_numbers) values ('Berge-Kilback', '498-159-5617');
insert into Telephones (org_name, telephone_numbers) values ('Larson-Lindgren', '546-675-6674');
insert into Telephones (org_name, telephone_numbers) values ('Sawayn-Lakin', '187-264-6806');
insert into Telephones (org_name, telephone_numbers) values ('Koepp, Luettgen and Ratke', '599-150-9093');
insert into Telephones (org_name, telephone_numbers) values ('Monahan Inc', '617-949-6584');
insert into Telephones (org_name, telephone_numbers) values ('Gulgowski Group', '771-592-9883');
insert into Telephones (org_name, telephone_numbers) values ('Stehr, Bechtelar and Thompson', '474-215-3365');
insert into Telephones (org_name, telephone_numbers) values ('Deckow Inc', '184-575-2502');
insert into Telephones (org_name, telephone_numbers) values ('Casper, Steuber and Ullrich', '805-539-7636');
insert into Telephones (org_name, telephone_numbers) values ('Reynolds, Rowe and Corwin', '966-446-6897');
insert into Telephones (org_name, telephone_numbers) values ('Hahn-Breitenberg', '889-416-3227');
insert into Telephones (org_name, telephone_numbers) values ('Gorczany, Corwin and Prosacco', '890-760-6793');
insert into Telephones (org_name, telephone_numbers) values ('Corkery and Sons', '818-388-6424');
insert into Telephones (org_name, telephone_numbers) values ('Effertz-Hayes', '847-840-3444');
insert into Telephones (org_name, telephone_numbers) values ('Will LLC', '924-419-7698');
insert into Telephones (org_name, telephone_numbers) values ('Bahringer-Turner', '341-785-8654');
insert into Telephones (org_name, telephone_numbers) values ('Mante, Krajcik and Klein', '241-686-2216');
insert into Telephones (org_name, telephone_numbers) values ('Huels-Bashirian', '433-850-1433');
insert into Telephones (org_name, telephone_numbers) values ('Weissnat-Nitzsche', '172-581-2915');
insert into Telephones (org_name, telephone_numbers) values ('Gislason-Leuschke', '885-565-6270');
insert into Telephones (org_name, telephone_numbers) values ('Erdman-Nader', '511-767-5540');
insert into Telephones (org_name, telephone_numbers) values ('Kerluke Inc', '259-964-0591');
insert into Telephones (org_name, telephone_numbers) values ('Hyatt, Krajcik and Hand', '121-819-3157');
insert into Telephones (org_name, telephone_numbers) values ('Lebsack Inc', '685-181-9210');
insert into Telephones (org_name, telephone_numbers) values ('Schuppe-Schaefer', '903-553-3684');
insert into Telephones (org_name, telephone_numbers) values ('Nader-Sporer', '214-322-6495');
insert into Telephones (org_name, telephone_numbers) values ('Berge-Kilback', '591-847-3720');
insert into Telephones (org_name, telephone_numbers) values ('Larson-Lindgren', '260-831-5912');
insert into Telephones (org_name, telephone_numbers) values ('Sawayn-Lakin', '795-315-0926');
insert into Telephones (org_name, telephone_numbers) values ('Koepp, Luettgen and Ratke', '723-431-2918');
insert into Telephones (org_name, telephone_numbers) values ('Monahan Inc', '890-777-7991');
insert into Telephones (org_name, telephone_numbers) values ('Gulgowski Group', '174-953-3796');



insert into Company (company_funds, org_name) values (21602027, 'Bednar, Anderson and Torp');
insert into Company (company_funds, org_name) values (15125320, 'Fadel, Brakus and Rowe');
insert into Company (company_funds, org_name) values (8946531, 'Rolfson, Lemke and Wilderman');
insert into Company (company_funds, org_name) values (18047654, 'Muller, Williamson and Littel');
insert into Company (company_funds, org_name) values (6414759, 'Kertzmann, Funk and Bartoletti');
insert into Company (company_funds, org_name) values (15254826, 'Padberg, Bergstrom and Gaylord');
insert into Company (company_funds, org_name) values (21919560, 'Waelchi, Anderson and Zboncak');
insert into Company (company_funds, org_name) values (16379171, 'Rutherford, Leannon and Graham');
insert into Company (company_funds, org_name) values (13253777, 'Kiehn Group');
insert into Company (company_funds, org_name) values (24458877, 'Klein, Grant and Rosenbaum');
insert into Company (company_funds, org_name) values (17047255, 'Gislason Inc');
insert into Company (company_funds, org_name) values (18617589, 'Hilll, Klein and Bartell');
insert into Company (company_funds, org_name) values (19254080, 'Schamberger-Torp');
insert into Company (company_funds, org_name) values (19418785, 'Marks Inc');


insert into University (university_funds, org_name) values (1946354, 'Hyatt, Krajcik and Hand');
insert into University (university_funds, org_name) values (7973093, 'Lebsack Inc');
insert into University (university_funds, org_name) values (9962877, 'Schuppe-Schaefer');
insert into University (university_funds, org_name) values (1240484, 'Nader-Sporer');
insert into University (university_funds, org_name) values (7216690, 'Berge-Kilback');
insert into University (university_funds, org_name) values (9725402, 'Larson-Lindgren');
insert into University (university_funds, org_name) values (5221393, 'Sawayn-Lakin');
insert into University (university_funds, org_name) values (6907385, 'Koepp, Luettgen and Ratke');
insert into University (university_funds, org_name) values (4027249, 'Monahan Inc');
insert into University (university_funds, org_name) values (5360592, 'Gulgowski Group');
insert into University (university_funds, org_name) values (5685847, 'Stehr, Bechtelar and Thompson');
insert into University (university_funds, org_name) values (7280243, 'Deckow Inc');
insert into University (university_funds, org_name) values (8140964, 'Casper, Steuber and Ullrich');
insert into University (university_funds, org_name) values (1739121, 'Reynolds, Rowe and Corwin');


insert into Research_center (center_publicfunds, center_privatefunds, org_name) values (9341896, 20869868, 'Hahn-Breitenberg');
insert into Research_center (center_publicfunds, center_privatefunds, org_name) values (4016717, 13970526, 'Gorczany, Corwin and Prosacco');
insert into Research_center (center_publicfunds, center_privatefunds, org_name) values (7943592, 7620689, 'Corkery and Sons');
insert into Research_center (center_publicfunds, center_privatefunds, org_name) values (6921168, 10022403, 'Effertz-Hayes');
insert into Research_center (center_publicfunds, center_privatefunds, org_name) values (2193135, 16473831, 'Will LLC');
insert into Research_center (center_publicfunds, center_privatefunds, org_name) values (2159012, 16656645, 'Bahringer-Turner');
insert into Research_center (center_publicfunds, center_privatefunds, org_name) values (6520378, 24308041, 'Mante, Krajcik and Klein');
insert into Research_center (center_publicfunds, center_privatefunds, org_name) values (4018700, 5760743, 'Huels-Bashirian');
insert into Research_center (center_publicfunds, center_privatefunds, org_name) values (5313129, 13417231, 'Weissnat-Nitzsche');
insert into Research_center (center_publicfunds, center_privatefunds, org_name) values (9496771, 15668930, 'Gislason-Leuschke');
insert into Research_center (center_publicfunds, center_privatefunds, org_name) values (6172782, 7251992, 'Erdman-Nader');
insert into Research_center (center_publicfunds, center_privatefunds, org_name) values (5151317, 14636342, 'Kerluke Inc');